person_id,metric_name,metric_value_num,metric_value_text,metric_unit,metric_group,source_table,metric_layer
ama,total_minutes_raw,189473.22641666667,"189,473",minutes,volume,elicitation_emotions.csv,raw
ama,match_coverage_percent_raw,54.65264129487824,54.7%,percent,volume,elicitation_emotions.csv,raw
ama,coverage_cred_conf,0.8626960196182567,0.86,score,volume,derived,conf
ama,peak_month_minutes_raw,4100.94635,"4,101",minutes,volume,elicitation_periods.csv,raw
ama,peak_month_share_raw,0.0216439358085437,2.2%,percent,volume,derived,raw
ama,peak_month_tail,0.0216439358085437,2.2%,percent,volume,derived,tail
ama,peak_month_raw,0.0,2017-11,month,period,elicitation_periods.csv,raw
ama,dominant_daypart_raw,0.0,late night,label,period,derived,raw
ama,dominant_daypart_share_raw,0.4971141256098982,49.7%,percent,period,derived,raw
ama,daypart_conc_tail,0.4971141256098982,49.7%,percent,period,derived,tail
ama,exam_peak_share_raw,1.0,100.0%,percent,period,elicitation_periods.csv,raw
ama,exam_tail_ratio,1.1802549705515797,1.18,ratio,period,derived,tail
ama,dominant_emotion_raw,0.3213585978624603,share_sadness,label,emotion,elicitation_emotions.csv,raw
ama,dominant_emotion_display,0.3213585978624603,sadness,label,emotion,derived,raw
ama,top2_emotion_share_raw,0.6195081001306633,62.0%,percent,emotion,derived,raw
ama,emotion_conc_tail,0.21560916245469097,0.22,hhi,emotion,derived,tail
ama,emotional_diversity_raw,5.0,5,count,emotion,elicitation_emotions.csv,raw
ama,emotion_entropy_exp,1.8267610554945,1.83,entropy,emotion,derived,exp
ama,upbeat_share_raw,0.4107129762949215,41.1%,percent,emotion,derived,raw
ama,upbeat_share_cred,0.43177995404000147,43.2%,percent,emotion,derived,cred
ama,heavy_share_raw,0.4264671073819303,42.6%,percent,emotion,derived,raw
ama,heavy_share_cred,0.41453908316029864,41.5%,percent,emotion,derived,cred
ama,anchor_song_name_raw,0.0,Under The Milky Way,song,song,elicitation_songs.csv,raw
ama,anchor_song_minutes_raw,1475.0920166666665,1475,minutes,song,elicitation_songs.csv,raw
ama,anchor_song_days_raw,192.0,192,days,song,elicitation_songs.csv,raw
ama,anchor_exposure_tail,0.007785226675893628,0.8%,percent,song,derived,tail
ama,intentional_song_name_raw,0.0,Brown Eyed Girl,song,song,derived,raw
ama,intentionality_score_raw,5.365976015021851,5.37,score,song,derived,raw
ama,intentionality_score_cred,5.354407623750347,5.35,score,song,derived,cred
ama,intentional_song_repeat_count_raw,213.0,213,plays,song,elicitation_songs.csv,raw
ama,intentional_song_playlist_share_raw,0.0,0.0%,percent,song,elicitation_songs.csv,raw
angie,total_minutes_raw,152891.44605,"152,891",minutes,volume,elicitation_emotions.csv,raw
angie,match_coverage_percent_raw,10.779562902825983,10.8%,percent,volume,elicitation_emotions.csv,raw
angie,coverage_cred_conf,0.5,0.50,score,volume,derived,conf
angie,peak_month_minutes_raw,10215.754466666667,"10,216",minutes,volume,elicitation_periods.csv,raw
angie,peak_month_share_raw,0.06681704392622341,6.7%,percent,volume,derived,raw
angie,peak_month_tail,0.06681704392622341,6.7%,percent,volume,derived,tail
angie,peak_month_raw,0.0,2021-10,month,period,elicitation_periods.csv,raw
angie,dominant_daypart_raw,0.0,late night,label,period,derived,raw
angie,dominant_daypart_share_raw,0.3188514966410352,31.9%,percent,period,derived,raw
angie,daypart_conc_tail,0.3188514966410352,31.9%,percent,period,derived,tail
angie,exam_peak_share_raw,1.0,100.0%,percent,period,elicitation_periods.csv,raw
angie,exam_tail_ratio,1.589750051059472,1.59,ratio,period,derived,tail
angie,dominant_emotion_raw,0.4583977245369832,share_happy,label,emotion,elicitation_emotions.csv,raw
angie,dominant_emotion_display,0.4583977245369832,uplift,label,emotion,derived,raw
angie,top2_emotion_share_raw,0.7206217595774477,72.1%,percent,emotion,derived,raw
angie,emotion_conc_tail,0.3107153080782963,0.31,hhi,emotion,derived,tail
angie,emotional_diversity_raw,3.0,3,count,emotion,elicitation_emotions.csv,raw
angie,emotion_entropy_exp,1.4118801136217183,1.41,entropy,emotion,derived,exp
angie,upbeat_share_raw,0.6690782463817266,66.9%,percent,emotion,derived,raw
angie,upbeat_share_cred,0.6166121700517273,61.7%,percent,emotion,derived,cred
angie,heavy_share_raw,0.2952019089875306,29.5%,percent,emotion,derived,raw
angie,heavy_share_cred,0.3173979516170751,31.7%,percent,emotion,derived,cred
angie,anchor_song_name_raw,0.0,心情電梯 (Live in summer),song,song,elicitation_songs.csv,raw
angie,anchor_song_minutes_raw,852.8723333333332,853,minutes,song,elicitation_songs.csv,raw
angie,anchor_song_days_raw,45.0,45,days,song,elicitation_songs.csv,raw
angie,anchor_exposure_tail,0.0055782867869169014,0.6%,percent,song,derived,tail
angie,intentional_song_name_raw,0.0,懷疑愛,song,song,derived,raw
angie,intentionality_score_raw,5.552959584921617,5.55,score,song,derived,raw
angie,intentionality_score_cred,5.417340866581524,5.42,score,song,derived,cred
angie,intentional_song_repeat_count_raw,257.0,257,plays,song,elicitation_songs.csv,raw
angie,intentional_song_playlist_share_raw,0.0,0.0%,percent,song,elicitation_songs.csv,raw
ken,total_minutes_raw,184.1194,184,minutes,volume,elicitation_emotions.csv,raw
ken,match_coverage_percent_raw,26.507726326865424,26.5%,percent,volume,elicitation_emotions.csv,raw
ken,coverage_cred_conf,0.0029525924057191254,0.00,score,volume,derived,conf
ken,peak_month_minutes_raw,108.61071666666668,109,minutes,volume,elicitation_periods.csv,raw
ken,peak_month_share_raw,0.589892844896663,59.0%,percent,volume,derived,raw
ken,peak_month_tail,0.589892844896663,59.0%,percent,volume,derived,tail
ken,peak_month_raw,0.0,2021-12,month,period,elicitation_periods.csv,raw
ken,dominant_daypart_raw,0.0,afternoon,label,period,derived,raw
ken,dominant_daypart_share_raw,0.6,60.0%,percent,period,derived,raw
ken,daypart_conc_tail,0.6,60.0%,percent,period,derived,tail
ken,exam_peak_share_raw,1.0,100.0%,percent,period,elicitation_periods.csv,raw
ken,exam_tail_ratio,0.013962454325069014,0.01,ratio,period,derived,tail
ken,dominant_emotion_raw,0.4954626356394314,share_happy,label,emotion,elicitation_emotions.csv,raw
ken,dominant_emotion_display,0.4954626356394314,uplift,label,emotion,derived,raw
ken,top2_emotion_share_raw,0.9035334549944816,90.4%,percent,emotion,derived,raw
ken,emotion_conc_tail,0.42131081122917563,0.42,hhi,emotion,derived,tail
ken,emotional_diversity_raw,3.0,3,count,emotion,elicitation_emotions.csv,raw
ken,emotion_entropy_exp,0.9392977614002587,0.94,entropy,emotion,derived,exp
ken,upbeat_share_raw,0.9035334549944816,90.4%,percent,emotion,derived,raw
ken,upbeat_share_cred,0.5651481662672191,56.5%,percent,emotion,derived,cred
ken,heavy_share_raw,0.0964665450055184,9.6%,percent,emotion,derived,raw
ken,heavy_share_cred,0.3388761379863685,33.9%,percent,emotion,derived,cred
ken,anchor_song_name_raw,0.0,Stellar Stellar,song,song,elicitation_songs.csv,raw
ken,anchor_song_minutes_raw,12.388483333333332,12,minutes,song,elicitation_songs.csv,raw
ken,anchor_song_days_raw,2.0,2,days,song,elicitation_songs.csv,raw
ken,anchor_exposure_tail,0.06728505162048828,6.7%,percent,song,derived,tail
p1,total_minutes_raw,5682.938016666667,"5,683",minutes,volume,elicitation_emotions.csv,raw
p1,match_coverage_percent_raw,63.98482333145044,64.0%,percent,volume,elicitation_emotions.csv,raw
p1,coverage_cred_conf,0.180751261276552,0.18,score,volume,derived,conf
p1,peak_month_minutes_raw,690.4529166666667,690,minutes,volume,elicitation_periods.csv,raw
p1,peak_month_share_raw,0.12149576761909724,12.1%,percent,volume,derived,raw
p1,peak_month_tail,0.12149576761909724,12.1%,percent,volume,derived,tail
p1,peak_month_raw,0.0,2025-02,month,period,elicitation_periods.csv,raw
p1,dominant_daypart_raw,0.0,morning,label,period,derived,raw
p1,dominant_daypart_share_raw,0.36558875197720075,36.6%,percent,period,derived,raw
p1,daypart_conc_tail,0.36558875197720075,36.6%,percent,period,derived,tail
p1,exam_peak_share_raw,1.0,100.0%,percent,period,elicitation_periods.csv,raw
p1,exam_tail_ratio,0.7916257559594753,0.79,ratio,period,derived,tail
p1,dominant_emotion_raw,0.2787452764965663,share_joy,label,emotion,elicitation_emotions.csv,raw
p1,dominant_emotion_display,0.2787452764965663,uplift,label,emotion,derived,raw
p1,top2_emotion_share_raw,0.49509818285502327,49.5%,percent,emotion,derived,raw
p1,emotion_conc_tail,0.18559384883109686,0.19,hhi,emotion,derived,tail
p1,emotional_diversity_raw,5.0,5,count,emotion,elicitation_emotions.csv,raw
p1,emotion_entropy_exp,1.8877743997073222,1.89,entropy,emotion,derived,exp
p1,upbeat_share_raw,0.3937448632237476,39.4%,percent,emotion,derived,raw
p1,upbeat_share_cred,0.5333458563861416,53.3%,percent,emotion,derived,cred
p1,heavy_share_raw,0.4625847522676159,46.3%,percent,emotion,derived,raw
p1,heavy_share_cred,0.3618247288842739,36.2%,percent,emotion,derived,cred
p1,anchor_song_name_raw,0.0,Teardrop,song,song,elicitation_songs.csv,raw
p1,anchor_song_minutes_raw,468.73325,469,minutes,song,elicitation_songs.csv,raw
p1,anchor_song_days_raw,7.0,7,days,song,elicitation_songs.csv,raw
p1,anchor_exposure_tail,0.08248079578297705,8.2%,percent,song,derived,tail
p1,intentional_song_name_raw,0.0,Teardrop,song,song,derived,raw
p1,intentionality_score_raw,4.51085950651685,4.51,score,song,derived,raw
p1,intentionality_score_cred,5.142387753478738,5.14,score,song,derived,cred
p1,intentional_song_repeat_count_raw,90.0,90,plays,song,elicitation_songs.csv,raw
p1,intentional_song_playlist_share_raw,0.0,0.0%,percent,song,elicitation_songs.csv,raw
p2,total_minutes_raw,86502.84955,"86,503",minutes,volume,elicitation_emotions.csv,raw
p2,match_coverage_percent_raw,59.42544409509571,59.4%,percent,volume,elicitation_emotions.csv,raw
p2,coverage_cred_conf,0.7572239542806669,0.76,score,volume,derived,conf
p2,peak_month_minutes_raw,3372.642666666666,"3,373",minutes,volume,elicitation_periods.csv,raw
p2,peak_month_share_raw,0.03898880423259613,3.9%,percent,volume,derived,raw
p2,peak_month_tail,0.03898880423259613,3.9%,percent,volume,derived,tail
p2,peak_month_raw,0.0,2022-04,month,period,elicitation_periods.csv,raw
p2,dominant_daypart_raw,0.0,late night,label,period,derived,raw
p2,dominant_daypart_share_raw,0.4441381210778624,44.4%,percent,period,derived,raw
p2,daypart_conc_tail,0.4441381210778624,44.4%,percent,period,derived,tail
p2,exam_peak_share_raw,1.0,100.0%,percent,period,elicitation_periods.csv,raw
p2,exam_tail_ratio,1.053678143116935,1.05,ratio,period,derived,tail
p2,dominant_emotion_raw,0.2710995714189118,share_joy,label,emotion,elicitation_emotions.csv,raw
p2,dominant_emotion_display,0.2710995714189118,uplift,label,emotion,derived,raw
p2,top2_emotion_share_raw,0.4892353784818291,48.9%,percent,emotion,derived,raw
p2,emotion_conc_tail,0.17981053834936145,0.18,hhi,emotion,derived,tail
p2,emotional_diversity_raw,5.0,5,count,emotion,elicitation_emotions.csv,raw
p2,emotion_entropy_exp,1.9004731630796712,1.90,entropy,emotion,derived,exp
p2,upbeat_share_raw,0.4436609277137629,44.4%,percent,emotion,derived,raw
p2,upbeat_share_cred,0.4729118398850141,47.3%,percent,emotion,derived,cred
p2,heavy_share_raw,0.4172496575905027,41.7%,percent,emotion,derived,raw
p2,heavy_share_cred,0.398396722716163,39.8%,percent,emotion,derived,cred
p2,anchor_song_name_raw,0.0,Bags,song,song,elicitation_songs.csv,raw
p2,anchor_song_minutes_raw,1047.0730666666664,1047,minutes,song,elicitation_songs.csv,raw
p2,anchor_song_days_raw,86.0,86,days,song,elicitation_songs.csv,raw
p2,anchor_exposure_tail,0.0121044921885659,1.2%,percent,song,derived,tail
p2,intentional_song_name_raw,0.0,Bags,song,song,derived,raw
p2,intentionality_score_raw,5.697093486505405,5.70,score,song,derived,raw
p2,intentionality_score_cred,5.596251275496529,5.60,score,song,derived,cred
p2,intentional_song_repeat_count_raw,297.0,297,plays,song,elicitation_songs.csv,raw
p2,intentional_song_playlist_share_raw,0.0,0.0%,percent,song,elicitation_songs.csv,raw
