person_id,year_month,total_minutes_month,exam_season_share,top_song,academic_period_source,share_late_night,share_morning,share_afternoon,share_evening,share_night
ama,2016-09,987.2989166666667,0.0,Under The Milky Way,approximate,0.2561953923613306,0.6182653733625253,0.0,0.08149586915884222,0.04404336511730195
ama,2016-10,3927.84805,0.1455660434725829,"Concerto No. 2 in C Minor for Piano and Orchestra, Op. 18: II. Adagio sostenuto",approximate,0.42471679456473205,0.3379790196653186,0.028873341981750032,0.017573952909575172,0.19085689087862415
ama,2016-11,2487.0873,1.0,Vaughan Williams: The Lark Ascending,approximate,0.5320772884275782,0.31043180510792684,0.0034282739760147004,0.049759632482542934,0.10430300000593733
ama,2016-12,605.7757333333333,0.0,Cigarettes & Loneliness,approximate,0.29463995256330283,0.5629652436831408,0.03964671304099779,0.008859824471894769,0.09388826624066375
ama,2017-01,1906.8635333333332,0.0,White,approximate,0.6227826721247979,0.17114901562786194,0.0,0.03307176884848219,0.17299654339885817
ama,2017-02,1348.5312,0.0,Let's Do It (Let's Fall In Love),approximate,0.4056566878096703,0.4871927447185995,0.0,0.044193786543462996,0.06295678092826724
ama,2017-03,2275.8608,0.0,Gold,approximate,0.26038462018415187,0.44375615298322874,0.10725694793518713,0.10976486347495418,0.07883741542247809
ama,2017-04,2826.2941499999997,0.0,Vaughan Williams: The Lark Ascending,approximate,0.4296782767639385,0.4391487878216781,0.012689172262318603,0.004847678953256393,0.11363608419880854
ama,2017-05,2081.448683333333,0.22920676377312563,"Cello Suite No. 5 in C Minor, BWV 1011: I. Prélude",approximate,0.45920027125979035,0.32261204517965497,0.0,0.10381939834996814,0.11436828521058663
ama,2017-06,2205.3641500000003,1.0,Fools Gold - Remastered 2009,approximate,0.5989228354872822,0.2924103486492242,0.0,0.012758792389607554,0.09590802347388601
ama,2017-07,3285.399033333333,0.0,Hard Feelings/Loveless,approximate,0.46508925333889684,0.46480633996249937,0.0,0.022493782109937716,0.047610624588666155
ama,2017-08,3133.3889,0.0,"Violin Concerto in D Major, Op. 77: I. Allegro non troppo",approximate,0.38756214823296703,0.4211759936129644,0.0,0.039007388028554864,0.15225447012551388
ama,2017-09,3793.6367999999993,0.0,Under The Milky Way,approximate,0.6007617413454023,0.3270410115872628,0.0031078708782383523,0.02981714011209507,0.03927223607700136
ama,2017-10,3220.3386166666664,0.23994382536904751,Under The Milky Way,approximate,0.5847892227606686,0.3474646923387461,7.587711389584357e-05,0.0035977686549391176,0.0640724391317503
ama,2017-11,4100.94635,1.0,These Days,approximate,0.4477299001973044,0.3788434670288562,0.03240934863729685,0.050683016941524564,0.09033426719501789
ama,2017-12,2226.940716666667,0.0,Under The Milky Way,approximate,0.48409225352601254,0.34873763253823487,0.00403772161484646,0.10214230893723163,0.06099008338367458
ama,2018-01,2507.8883666666666,0.0,Under The Milky Way,approximate,0.5616102250484277,0.26117434440296927,0.0,0.05792587046438312,0.11928956008422015
ama,2018-02,1186.8894999999998,0.0,Fools Gold - Remastered 2009,approximate,0.5205707860757046,0.1492371025272361,0.0019076333559274051,0.10628888929143501,0.22199558874969688
ama,2018-03,2182.387583333333,0.0,Under The Milky Way,approximate,0.40676381536414385,0.34552343303211763,0.0,0.0658486380226305,0.1818641135811081
ama,2018-04,582.5713,0.0,Under The Milky Way,approximate,0.1847240271991886,0.054625645536148675,0.0,0.7606503272646626,0.0
ama,2018-05,1226.2203333333332,0.1890169684023616,Mr. Tambourine Man,approximate,0.7215713543596434,0.21699248721205894,0.0,0.0,0.06143615842829768
ama,2018-06,2258.3061666666667,1.0,Under The Milky Way,approximate,0.6197334846168261,0.28662229663722155,0.01123596542157666,0.0,0.0824082533243758
ama,2018-07,1667.4434666666666,0.0,Under The Milky Way,approximate,0.21156193521323582,0.2981944575272357,0.01624646784626621,0.3365341981409305,0.1374629412723318
ama,2018-08,2035.9917333333333,0.0,Under The Milky Way,approximate,0.3765508821974261,0.44646500856781474,0.0,0.07063308803218454,0.10635102120257463
ama,2018-09,1913.6958166666666,0.0,Under The Milky Way,approximate,0.36004337470943765,0.44741579402348236,0.0,0.025294005929138042,0.16724682533794186
ama,2018-10,2373.82705,0.4145695098834882,Under The Milky Way,approximate,0.47655481753258594,0.35694420815815825,0.0,0.08932376377911216,0.07717721053014373
ama,2018-11,2134.0587,1.0,Under The Milky Way,approximate,0.44807539736371826,0.12806603367251956,0.025622748802551682,0.1643233462447245,0.23391247391648598
ama,2018-12,1849.9830833333333,0.0,Under The Milky Way,approximate,0.5395536724952935,0.3828496269583006,0.010726413399185588,0.007368977292900471,0.059501309854319846
ama,2019-01,2839.0724500000006,0.0,Under The Milky Way,approximate,0.5122670551550501,0.1438305493049323,0.017063988627694232,0.19906600716253883,0.1277723997497845
ama,2019-02,1973.71985,0.0,Under The Milky Way,approximate,0.4850553131945246,0.050663649149599435,0.0004244101140628782,0.2770034291678562,0.18685319837395703
ama,2019-03,2626.308616666667,0.0,Under The Milky Way,approximate,0.3745546672456627,0.3482151186890533,0.0,0.19992136999233215,0.07730884407295192
ama,2019-04,1482.591,0.0,Under The Milky Way,approximate,0.3224917053995336,0.5040744997552706,0.011513155010383847,0.012882626878664894,0.14903801295614677
ama,2019-05,2518.910383333333,0.2176595365576821,Better - Remastered,approximate,0.2565048910070064,0.4330247940605906,0.004917324602715289,0.10304435006927565,0.20250864026041207
ama,2019-06,2357.024433333333,1.0,Under The Milky Way,approximate,0.19363422523140866,0.5399690030083553,0.0035663680646614146,0.13274952191486972,0.13008088178070507
ama,2019-07,1992.03565,0.0,Hallelujah,approximate,0.28252569174653075,0.24495799895281326,0.0045594063539977315,0.18218642321988568,0.28577047972677266
ama,2019-08,1596.89525,0.0,White Lies and Alibis,approximate,0.28038431658766183,0.5674050212957508,0.0018639293967465929,0.04967702170821786,0.10066971101162292
ama,2019-09,508.61913333333325,0.0,I Like It,approximate,0.25666605542562493,0.4260249679950433,0.008849450807133091,0.2522080372648191,0.05625148850737952
ama,2019-10,1002.8334666666667,0.4032578656130476,Don't Stop 'Til You Get Enough,approximate,0.3102005072028576,0.5492433705509894,0.0007387068986263056,0.09198363410554972,0.0478337812419769
ama,2019-11,1224.8385666666666,1.0,i love you,approximate,0.5605927877788085,0.29237918346627284,0.004622636392599982,0.03272447577241267,0.10968091658990597
ama,2019-12,666.9028333333333,0.0,Peach,approximate,0.6594996472499618,0.21155970497451282,0.0003147884861787712,0.017490753900430776,0.111135105388916
ama,2020-01,1077.5671499999999,0.0,Pictures Of You - Remastered,approximate,0.605995320106037,0.12251794857208358,0.050066176076977345,0.08944585649874967,0.1319746987461524
ama,2020-02,759.7387,0.0,Dance Monkey,approximate,0.31118620125577384,0.22757166378387728,0.10279543041135941,0.16000959715930402,0.19843710738968542
ama,2020-03,899.1448833333334,0.0,Hallelujah,approximate,0.2477150280545258,0.5940002105333674,0.044170356453306484,0.11282260350589031,0.0012918014529100827
ama,2020-04,670.9346166666667,0.0,For Today,approximate,0.462932615117961,0.4841288186129017,0.0,0.0024492699574277946,0.05048929631170967
ama,2020-05,2658.8881666666666,0.19543215713786136,At the River,approximate,0.44265012650337743,0.3905729080118638,0.002484033269795915,0.014290478181701134,0.15000245403326162
ama,2020-06,2186.8196666666668,1.0,Closing Time,approximate,0.31095136788447275,0.6380915801775456,0.001652422490560493,0.009357409291026741,0.03994722015639455
ama,2020-07,1234.7808,0.0,Happens to the Heart,approximate,0.1467236667971082,0.7788686326620347,9.127126045367728e-05,0.027015577717653748,0.047300851562749706
ama,2020-08,956.8331166666667,0.0,Lost my Head there,approximate,0.3169257118974787,0.5858399340867295,0.0,0.003413900790466996,0.0938204532253247
ama,2020-09,830.1737666666666,0.0,Flame Trees,approximate,0.30127985655051415,0.6987201434494859,0.0,0.0,0.0
ama,2020-10,400.93763333333334,0.04716261357024023,Flame Trees,approximate,0.31817234417755247,0.6818276558224475,0.0,0.0,0.0
ama,2020-11,913.3249166666667,1.0,How To Make Gravy,approximate,0.5880528643557755,0.4119471356442244,0.0,0.0,0.0
ama,2020-12,467.19961666666666,0.0,Flame Trees,approximate,0.1854402919922487,0.6267801946327224,0.0,0.0,0.1877795133750288
ama,2021-01,491.7672166666666,0.0,Streets Of Your Town,approximate,0.8026257884277429,0.18347437624027602,0.0,0.0,0.013899835331981091
ama,2021-02,1341.1250333333332,0.0,Hallelujah,approximate,0.6160548142776944,0.2613294246415155,0.0,0.0,0.1226157610807901
ama,2021-03,1396.0788166666666,0.0,These Days,approximate,0.48137310872216876,0.35290358308208697,0.0,0.0008958424493917959,0.16482746574635251
ama,2021-04,994.9138166666668,0.0,Lock It,approximate,0.5632850543888818,0.3252950603141857,0.0,0.1114198852969325,0.0
ama,2021-05,869.75935,0.4096813101233117,The Drugs Don't Work,approximate,0.3920174969470962,0.5190913632220989,0.0,0.0,0.08889113983080493
ama,2021-06,1192.7800333333334,1.0,Alucard Rises,approximate,0.23097571133610245,0.34301307748807885,0.2999089298415206,0.09977721234490818,0.0263250689893898
ama,2021-07,106.83831666666669,0.0,Lost my Head there,approximate,0.5715137468626659,0.42209762758336233,0.006388625553971819,0.0,0.0
ama,2021-08,1208.8616166666666,0.0,We Can't Turn Away,approximate,0.4235488382410244,0.22760200964276348,0.13512302076704477,0.024142782706435228,0.189583348642732
ama,2021-09,875.31545,0.0,Pictures Of You - Remastered,approximate,0.39360411913975313,0.5074403176591935,0.0,0.021350169625514243,0.07760539357553896
ama,2021-10,1654.594716666667,0.06346836213657678,Don't Dream It's Over,approximate,0.5750682067833267,0.3447049263816195,0.053044993908528425,0.00610775954067221,0.021074113385853008
ama,2021-11,413.3199166666667,1.0,Out Of The Woodwork,approximate,0.43957789758901444,0.5582426768288244,0.0,0.0,0.002179425582161034
ama,2021-12,1943.0166999999997,0.0,What I Am,approximate,0.3942640242532827,0.5020133383310601,0.0,0.022567682168317612,0.08115495524733951
ama,2022-01,1621.4277333333334,0.0,Lost my Head there,approximate,0.7736645658295552,0.048191488933045666,0.0,0.013164087567927788,0.16497985766947124
ama,2022-02,943.6398833333334,0.0,Hearts a Mess,approximate,0.8476538004178253,0.02412475747942899,0.0,0.004399630346272809,0.12382181175647283
ama,2022-03,1400.8825666666667,0.0,We Can't Turn Away,approximate,0.43419368699403477,0.15035327610258648,0.15175839031189792,0.026569536152173782,0.23712511043930712
ama,2022-04,73.34898333333335,0.0,Flame Trees,approximate,0.6765810659952342,0.3234189340047658,0.0,0.0,0.0
ama,2022-05,2286.0819666666666,0.7975837670095789,Pictures Of You - Remastered,approximate,0.3281959239752544,0.3307985282359152,0.0,0.2804341777829809,0.06057137000584945
ama,2022-06,1915.9440333333332,1.0,These Days,approximate,0.435287479952659,0.41714420468197044,0.02082586928730921,0.018166223053035942,0.10857622302502538
ama,2022-07,3072.3897333333334,0.0,Don't Dream It's Over,approximate,0.6222570157440529,0.3187612200934751,0.0,0.011989163657752966,0.04699260050471894
ama,2022-08,1486.8919,0.0,Under The Milky Way - Acoustic,approximate,0.42575984620446633,0.3721422519014328,0.0,0.02653323351885904,0.1755646683752419
ama,2022-09,2276.0444166666666,0.0,Cattle And Cane - Remastered,approximate,0.5306357561197271,0.3083106499129905,0.0,0.02404906201852461,0.13700453194875772
ama,2022-10,2914.8499166666666,0.21468128190362235,We Won't Run,approximate,0.6280088291566985,0.06397823398511741,0.0,0.10198756088042155,0.2060253759777626
ama,2022-11,1086.66635,1.0,Hallelujah,approximate,0.7948771181390375,0.09915872521496594,0.0,0.0,0.10596415664599657
ama,2022-12,1005.0029333333334,0.0,Homecoming Queen,approximate,0.5249592306330912,0.08782742192991277,0.0,0.0,0.38721334743699587
ama,2023-01,3642.658933333333,0.0,We Won't Run,approximate,0.5543851401661102,0.07217337339149549,0.0,0.08388506095657158,0.2895564254858228
ama,2023-02,1183.8260499999997,0.0,Tell Me How It Ends,approximate,0.7959664766626819,0.006294027178514388,0.0,0.05680367201470744,0.14093582414409617
ama,2023-03,1291.4018333333333,0.0,Not Fair - triple j Like A Version,approximate,0.6138627778005065,0.3031259957686808,0.004166105798982527,0.004745140648837549,0.07409997998299264
ama,2023-04,1083.3535333333334,0.0,Monsta,approximate,0.743828915066999,0.18060261707120168,0.0,0.023552160842785514,0.05201630701901373
ama,2023-05,1402.5623833333334,0.4393037039362586,Soaked,approximate,0.6179157354890322,0.2288177960188889,0.0,0.0,0.1532664684920788
ama,2023-06,2653.0934333333335,1.0,Lock It,approximate,0.7828168207620481,0.11419451454674864,0.0,0.01968751496287924,0.08330114972832404
ama,2023-07,3231.2093999999997,0.0,Lipstick Lover,approximate,0.7612271275269253,0.15681056861660944,0.0,0.024557389151772916,0.05740491470469231
ama,2023-08,4017.7699833333336,0.0,We Won't Run,approximate,0.5346934930516741,0.18438908973713067,0.0,0.050309836262030255,0.23060758094916495
ama,2023-09,3976.9193666666665,0.0,We Won't Run,approximate,0.6465536502663649,0.17486205256311416,0.0,0.016161575683945852,0.1624227214865751
ama,2023-10,2472.467466666667,0.17233318095294384,Flame Trees,approximate,0.5514738690730868,0.1288114353887555,0.0,0.11762594948333933,0.20208874605481833
ama,2023-11,1481.38015,1.0,We Won't Run,approximate,0.6639055478095882,0.07931963536390935,0.0,0.06341028218403853,0.1933645346424639
ama,2023-12,2927.11425,0.0,I See Red,approximate,0.6224402925167681,0.17407412437010275,0.06572430508990212,0.017468974206706605,0.12029230381652055
ama,2024-01,1869.93275,0.0,Flame Trees,approximate,0.5337228749714841,0.14175516918099507,0.0,0.03249167650547861,0.29203027934204234
ama,2024-02,1474.9314166666668,0.0,The True Science,approximate,0.6625292125164917,0.029884756788408864,0.0,0.029774469174470658,0.2778115615206289
ama,2024-03,2195.1376833333334,0.0,Homecoming Queen,approximate,0.5961723843578802,0.09717622799681487,0.0,0.06311141713426768,0.24353997051103723
ama,2024-04,1918.5280833333334,0.0,Private Universe,approximate,0.7129644918324322,0.05458045375671462,0.0,0.04539861439783459,0.18705644001301866
ama,2024-05,1835.2004166666666,0.5793051576337827,Pynk (feat. Grimes),approximate,0.5177613707494709,0.1890286914621723,0.12416533979826455,0.03205355636680009,0.1369910416232923
ama,2024-06,1621.02255,1.0,Hallelujah,approximate,0.5402316272528104,0.33687392771515323,0.005223164024872243,0.04421326526271951,0.07345801574444477
ama,2024-07,3778.3255666666664,0.0,Rebel Rebel - 2016 Remaster,approximate,0.3506081490224854,0.3433625099555785,0.1179350593636421,0.08729309077450506,0.10080119088378893
ama,2024-08,435.32008333333334,0.0,Fools Gold - Remastered 2009,approximate,0.5600350010653081,0.24780432635679378,0.0,0.12001778002048684,0.0721428925574113
ama,2024-09,906.2612333333334,0.0,She's Got You High,approximate,0.5701275353386883,0.17239541711243891,0.0,0.2535200942980495,0.003956953250823153
ama,2024-10,776.4813666666666,0.3138956199893357,We Can't Turn Away,approximate,0.3621105567633068,0.2646034734209763,0.0,0.08932085985664992,0.28396510995906704
ama,2024-11,2652.8723833333333,1.0,Landslide,approximate,0.5361721791077738,0.3252718093117471,0.008232805871306426,0.06457107941170409,0.06575212629746865
ama,2024-12,636.6633666666665,0.0,We Won't Run,approximate,0.41189847004966146,0.0001446866138206685,0.0,0.29212112146549873,0.29583572187101914
ama,2025-01,449.2752833333333,0.0,Lock It,approximate,0.5669577787070934,0.23644746092382785,0.0,0.18759541523854883,0.008999345130530032
ama,2025-02,1542.4164,0.0,Lock It,approximate,0.6064441158691,0.12245609119128488,0.0,0.10279220535604609,0.1683075875835691
ama,2025-03,646.9977000000001,0.0,Hallelujah,approximate,0.6530922237693684,0.04676472059586405,0.0,0.0,0.30014305563476756
ama,2025-04,1692.5506666666665,0.0,Lock It,approximate,0.6044250078579627,0.2689244851754315,0.0,0.0002935214937928003,0.12635698547281304
ama,2025-05,1184.7113833333333,0.1801482929393647,Let's Do It (Let's Fall In Love),approximate,0.5730337865834356,0.37538400175468906,0.0,0.022566072808478548,0.029016138853396968
ama,2025-06,488.8149666666667,1.0,Private Universe,approximate,0.2326014431227522,0.7203526024059956,0.0,0.0,0.04704595447125221
ama,2025-07,463.4765833333333,0.0,Fools Gold - Remastered 2009,approximate,0.7522599757377171,0.011218330160153724,0.0,0.1498267711835136,0.08669492291861564
ama,2025-08,763.6614666666667,0.0,Pynk (feat. Grimes),approximate,0.6207226902112472,0.24022690857257692,0.0,0.0,0.1390504012161759
ama,2025-09,463.54196666666667,0.0,Pynk (feat. Grimes),approximate,0.6951503635880794,0.1281545238011172,0.0004015458075388932,0.04369622340559025,0.1325973433976744
ama,2025-10,1545.1641333333332,0.29331145058074093,Common People - Full Length Version,approximate,0.7766519259097482,0.16589082316260517,0.0,0.00969695258264257,0.04776029834500431
ama,2025-11,1773.7363333333333,1.0,Talking To A Stranger,approximate,0.23735244189807242,0.4230003275571398,0.035491408061589014,0.11657051997017971,0.18758530251301914
ama,2025-12,244.52375,0.0,Eye of the Tiger,approximate,0.7947081486631326,0.20529185133686742,0.0,0.0,0.0
angie,2021-08,1050.0197333333335,0.0,懷疑愛,approximate,0.1342562387398942,0.04189246665586476,0.24389567027819672,0.24577485718363645,0.334180767142408
angie,2021-09,8203.38845,0.0,命硬,approximate,0.1038290423351422,0.15329074170564239,0.4776029775842201,0.22513534432632326,0.04014189404867204
angie,2021-10,10215.754466666667,0.18413277969869243,粉雪,approximate,0.18754334359262886,0.20158728919333135,0.39186619350816165,0.14331790061229416,0.07568527309358394
angie,2021-11,8643.373599999999,1.0,情人,approximate,0.06173592720015404,0.3498002523767649,0.46123065304038235,0.09911835428086398,0.028114813101834838
angie,2021-12,6151.739333333333,0.0,數不盡的星空,approximate,0.14463578810068783,0.4738369088893992,0.33836813523416526,0.03989043911591833,0.003268728659829432
angie,2022-01,5658.364016666666,0.0,艾蜜莉 (Live),approximate,0.09558614146071744,0.17939101838331417,0.435580235925731,0.18474322500065618,0.10469937922958127
angie,2022-02,4981.426933333333,0.0,心情電梯 (Live in summer),approximate,0.2586975781397255,0.19278866869257433,0.30133515357928764,0.20396872494526463,0.04320987464314776
angie,2022-03,9252.538783333333,0.0,我的一个道姑朋友,approximate,0.10854915141155481,0.26489671545590043,0.34366282499613837,0.23578110841639324,0.047110199720013055
angie,2022-04,7467.387033333333,0.0,左邊,approximate,0.12084949027529314,0.2536086976001614,0.3460016609736817,0.19901892634813703,0.08052122480272673
angie,2022-05,5654.931883333334,0.22355755579054087,"如果可以 - 電影""月老""主題曲",approximate,0.07128884868118054,0.2558673024746985,0.42924489632741314,0.19785207669153387,0.04574687582517388
angie,2022-06,5563.782866666666,1.0,國境之南,approximate,0.12684669170470744,0.1904429909276474,0.43307530884592516,0.2045286652272064,0.045106343294513664
angie,2022-07,2749.4053166666667,0.0,剑歌行,approximate,0.029726022146643726,0.20708052024268356,0.40944471755737677,0.2654685162553243,0.08828022379797175
angie,2022-08,4509.02975,0.0,Mirror in the Heart,approximate,0.1521089394749133,0.19507206252815995,0.3149211387069099,0.295636228614371,0.042261630675645916
angie,2022-09,5679.869716666666,0.0,Bi-Li-Li Emotion,approximate,0.27686100710825284,0.20629021881056467,0.2832780087564391,0.14794800032135713,0.08562276500338624
angie,2022-10,2811.66415,0.251616526343186,Bi-Li-Li Emotion,approximate,0.0960002756137618,0.23350373004779632,0.5131601273691715,0.15441349328060158,0.002922373688668803
angie,2022-11,8887.527516666667,1.0,身騎白馬,approximate,0.17464468947326336,0.2544729261419577,0.3730386631283023,0.15659964267039841,0.04124407858607831
angie,2022-12,1532.4789333333333,0.0,从前说,approximate,0.2753221969250344,0.35765710797808026,0.21054946312693193,0.05507487345992444,0.10139635851002889
angie,2023-01,2432.7833499999997,0.0,Footprints,approximate,0.24252165049277133,0.4008372892445738,0.27021024430035384,0.06614901267992757,0.02028180328237339
angie,2023-02,3572.3804833333334,0.0,Mirror in the Heart,approximate,0.2981275384771562,0.06088070247500559,0.4167586637573025,0.14136749123526776,0.08286560405526792
angie,2023-03,1415.7040333333334,0.0,Only One,approximate,0.20826057310801852,0.38007687623785585,0.3692624807336732,0.0006840177352512077,0.04171605218520133
angie,2023-04,3050.4241666666667,0.0,骄傲的你,approximate,0.10099378529051561,0.5330948018431316,0.3659114128663527,0.0,0.0
angie,2023-05,2421.844783333333,0.31088994163244166,Alone,approximate,0.1256692358766427,0.2808040195969895,0.4895171474896406,0.10400959703672724,0.0
angie,2023-06,3406.416533333333,1.0,運命のヒト,approximate,0.33615345396789215,0.3418465529993513,0.22541099299502382,0.06570761810143085,0.03088138193630186
angie,2023-07,3220.2771999999995,0.0,理想情人,approximate,0.15882200555074366,0.288781081744557,0.41401228854874145,0.06033150396700838,0.07805312018894936
angie,2023-08,446.8050666666667,0.0,吻得太逼真,approximate,0.18856079071619003,0.0046403532278655145,0.8056705489463265,0.0011283071096179751,0.0
angie,2023-09,631.5972166666668,0.0,WICKED LOVE,approximate,0.19714803471927905,0.546733937739276,0.0837540106322508,0.015357308546298482,0.15700670836289576
angie,2023-10,1086.4122499999999,0.24941934641599758,アイドル,approximate,0.1674898271811644,0.1480961915393228,0.5604186164137969,0.12399536486571586,0.0
angie,2023-11,4601.4784,1.0,火红的萨日朗,approximate,0.1888992713008642,0.3856122487358265,0.34704963155609575,0.0440118151302561,0.034427033276957245
angie,2023-12,3871.7442,0.0,Mirror in the Heart,approximate,0.26556388117445023,0.4930360843570193,0.23739988211686783,0.0021195658191123954,0.0018805865325503687
angie,2024-04,0.0,0.0,,approximate,,,,,
angie,2024-05,0.06385,0.0,The Code,approximate,1.0,0.0,0.0,0.0,0.0
angie,2024-07,0.94765,0.0,,approximate,0.10348405705341282,0.8564343375718884,0.0,0.0,0.04008160537469882
angie,2024-08,1.6878999999999997,0.0,凡人,approximate,0.6880541896241879,0.31194581037581215,0.0,0.0,0.0
angie,2024-09,1.26895,0.0,,approximate,0.000761784677620605,0.9992382153223794,0.0,0.0,0.0
angie,2024-10,0.11543333333333333,0.0,,approximate,1.0,0.0,0.0,0.0,0.0
angie,2024-11,0.1521,1.0,愛這種離譜感覺,approximate,1.0,0.0,0.0,0.0,0.0
angie,2024-12,0.12058333333333333,0.0,All I Want For Christmas Is You,approximate,0.0,0.0,0.0,0.0,1.0
angie,2025-01,525.88405,0.0,Run Away,approximate,0.8133578114795457,0.027442297720698446,0.10254554529019594,0.0,0.05665434550955988
angie,2025-02,946.5603833333333,0.0,奢香夫人,approximate,0.613837789499712,0.2213268556577206,0.07541075518284861,0.0024355551326598764,0.08698904452705897
angie,2025-03,1320.8172666666667,0.0,頻率,approximate,0.591246270806373,0.130204650060349,0.022206755928236153,0.07970416195346529,0.17663816125157664
angie,2025-04,2823.327166666667,0.0,奢香夫人,approximate,0.6205724416281192,0.28040629132424905,0.024745957237332805,0.01451604115073923,0.05975926865955964
angie,2025-05,1015.8992333333333,0.2594142128991337,身騎白馬,approximate,0.7607764871168161,0.22350943796033312,0.0,0.005359110911820421,0.01035496401103036
angie,2025-06,790.1634999999999,1.0,身騎白馬,approximate,0.6161993899574791,0.15966155527727277,0.0035354919161245317,0.006203441861505034,0.21440012098761835
angie,2025-07,1096.32665,0.0,Nobody,approximate,0.7323080215189515,0.18296350514389725,0.0,0.006395189487245125,0.07833328384990611
angie,2025-08,2211.2178,0.0,Tears,approximate,0.3971793280607636,0.17657527901593412,0.0,0.13839880449587555,0.2878465884274267
angie,2025-09,2261.850183333333,0.0,季路,approximate,0.476292258997319,0.16572693574584013,0.0,0.10159650199643713,0.25638430326040385
angie,2025-10,2171.9687000000004,0.24920883988797807,Fiction,approximate,0.33699656138384193,0.19756429577768164,0.05834926780175669,0.27347485870000493,0.13361501633671485
angie,2025-11,1679.4591666666668,1.0,Whiplash,approximate,0.3601929787912874,0.10389963832602857,0.0047934875860334005,0.3323241956363928,0.19878969966025767
angie,2025-12,1129.2178,0.0,secret base ～君がくれたもの～ (10 years after Ver.),approximate,0.3487218172909897,0.06028394168069261,0.0,0.40869700542564363,0.18229723560267413
angie,2026-01,1817.6754333333333,0.0,DALLA DALLA,approximate,0.253042342744615,0.39206137700087745,0.26069408467734695,0.04492661258574894,0.049275582991411576
angie,2026-02,724.6971166666667,0.0,ATTITUDE,approximate,0.3235109693067865,0.20965469091259667,0.3049718449043091,0.012580589127499176,0.1492819057488086
angie,2026-03,2636.7538833333333,0.0,一個人想著一個人,approximate,0.34205346418597926,0.12874098797983502,0.057236254631349646,0.31866062230697517,0.15330867089586095
angie,2026-04,564.7210833333334,0.0,身騎白馬,approximate,0.304998440970786,0.16674933776305204,0.030546967654976578,0.2159932639313242,0.2817119896798611
ken,2018-11,0.5,1.0,ヒトリゴト,approximate,0.0,1.0,0.0,0.0,0.0
ken,2019-06,1.1980333333333333,1.0,エンド,approximate,0.0,0.0,1.0,0.0,0.0
ken,2021-12,108.61071666666668,0.0,Stellar Stellar,approximate,0.5572804893562529,0.4427195106437471,0.0,0.0,0.0
ken,2023-02,43.26404999999999,0.0,Ordinary days,approximate,0.0,0.0,1.0,0.0,0.0
ken,2025-05,30.546599999999994,0.0,Oratio Super Oblata - Praefatio - Sanctus Xii,approximate,0.0,0.0,1.0,0.0,0.0
p1,2013-09,8.847616666666667,0.0,Cinema Paradiso,approximate,1.0,0.0,0.0,0.0,0.0
p1,2013-11,2.1479,0.0,Part Of Me,approximate,0.0,0.0,0.0,0.0,1.0
p1,2015-03,0.5609,0.0,Thinking out Loud,approximate,0.0,1.0,0.0,0.0,0.0
p1,2017-08,159.91021666666666,0.0,Strangers,approximate,0.0008663194648913928,0.8469000260875557,0.11526613944720855,0.0,0.03696751500034447
p1,2022-12,142.47923333333335,0.0,Only the Good Die Young,approximate,0.35733078762121356,0.4890799290750442,0.10866987165615014,0.0,0.04491941164759216
p1,2023-01,175.6824333333333,0.0,Scenes from an Italian Restaurant,approximate,0.0,0.8311271113617317,0.0,0.16887288863826833,0.0
p1,2023-02,141.21421666666666,0.0,New York State of Mind,approximate,0.16963093777267232,0.7487286749811427,0.0,0.0,0.08164038724618497
p1,2023-03,4.2461,0.0,Shape of You,approximate,0.0,0.08875988161685625,0.0,0.9112401183831437,0.0
p1,2023-04,33.35248333333333,0.0,Blanket - Live,approximate,1.0,0.0,0.0,0.0,0.0
p1,2023-05,132.35278333333332,0.061232687840464754,American Pie,approximate,0.6148631555034668,0.32390415665606825,0.0,0.0,0.061232687840464754
p1,2023-06,58.30396666666666,1.0,"Introduction And Allegro For Harp, String Quartet, Flute And Clarinet",approximate,0.8540802541165009,0.13487818724740855,0.01104155863609051,0.0,0.0
p1,2023-07,259.8237333333333,0.0,Shivoham Shivoham,approximate,0.07643656366008135,0.5323316627990874,0.17208820543979048,0.012405846425114872,0.20673772167592594
p1,2023-08,41.81433333333334,0.0,Piano Man,approximate,0.021331600806740913,0.3659949140246965,0.1808949084444728,0.0,0.4317785767240898
p1,2023-09,49.90586666666666,0.0,"2 Lyric Pieces, Op. 68 (version for orchestra): V. Badnlat (At the cradle)",approximate,0.9086466788139804,0.09135332118601953,0.0,0.0,0.0
p1,2023-10,378.4563333333333,0.15783965389225882,My Girl,approximate,0.3226029158802116,0.2933513245473498,0.0032546687464604014,0.24087952903417303,0.1399115617918051
p1,2023-11,270.9424333333333,1.0,Princess Leia's Theme,approximate,0.6995530292843265,0.1775414654502869,0.02974266489326823,0.0,0.09316284037211842
p1,2023-12,44.65386666666667,0.0,God Rest Ye Merry Gentlemen / We Three Kings [Feat. Sarah McLachlan],approximate,0.8843545463774694,0.11564545362253065,0.0,0.0,0.0
p1,2024-01,76.68218333333334,0.0,,approximate,0.12401968210346993,0.39747020766014535,0.0,0.0,0.4785101102363848
p1,2024-02,29.487783333333333,0.0,Club Tropicana,approximate,0.019756204122950354,0.04599588417124154,0.9025890382853464,0.0316588734204617,0.0
p1,2024-03,121.67095,0.0,Fantasia Gaelach No. 1,approximate,0.34878909057585233,0.3991625226344771,0.1778807239251988,0.07416766286447175,0.0
p1,2024-04,108.79808333333334,0.0,Cuando Me Enamoro,approximate,0.43769858078075824,0.47966025749534497,0.021719285802369374,0.0,0.06092187592152742
p1,2024-05,122.63454999999998,0.01796190388434581,The Unanswered Question,approximate,0.6933945885016363,0.2528447325814789,0.0,0.0,0.0537606789168849
p1,2024-06,63.264316666666666,1.0,The Moldau (from Má Vlast): Allegro. The First Source of the Moldau - The Second Source - Woods; Hunt; L'istesso tempo ma moderato. Peasant Wedding; L'istesso tempo. Moonlight,approximate,0.05964815869082598,0.940351841309174,0.0,0.0,0.0
p1,2024-07,499.9776666666668,0.0,Teardrop,approximate,0.0,0.10957912786771144,0.7167068462391321,0.12128885090200697,0.05242517499114962
p1,2024-08,38.967000000000006,0.0,City Lights a Mile Up,approximate,0.18081453537608747,0.7684741790061677,0.0,0.0,0.05071128561774493
p1,2024-09,148.13778333333337,0.0,I Giorni,approximate,0.19875618047927676,0.0,0.0,0.0023592900618309505,0.7988845294588922
p1,2024-10,73.01896666666667,0.4234230923563695,I Giorni,approximate,0.5068404601726766,0.12269711659390778,0.0,0.026359133174987868,0.3441032900584277
p1,2024-11,65.43838333333333,1.0,Le temps des fleurs,approximate,0.11113839150977395,0.46200688026369846,0.0,0.3492224110059769,0.07763231722055074
p1,2024-12,669.78815,0.0,Believe,approximate,0.5734400496634644,0.22220946528639937,0.005596695014684866,0.00012884671070994611,0.1986249433247413
p1,2025-01,497.13400000000007,0.0,Groove Is in the Heart,approximate,0.3948084084639822,0.30147984916206366,0.09490107295015027,0.021040235965889813,0.18777043345791408
p1,2025-02,690.4529166666667,0.0,Missing,approximate,0.34190588665531746,0.06578923134391858,0.26255229809901354,0.0,0.3297525839017505
p1,2025-03,192.04776666666666,0.0,Missing,approximate,0.19223559485982047,0.41923302761656694,0.0,0.2805379321429235,0.10799344538068914
p1,2025-04,178.4259166666667,0.0,The Lark Ascending,approximate,0.13823907307934993,0.7164920454847975,0.0,0.01137017184069392,0.13389870959515882
p1,2025-05,64.29638333333334,0.15075809085166272,Angel - Dusted Remix,approximate,0.5448346887318442,0.21389616782488802,0.011767639600257453,0.12975898333317346,0.09974252050983687
p1,2025-06,138.0208,1.0,Air on a G String,approximate,0.12928244631727004,0.8386676742442685,0.009087156911615255,0.012111097264566885,0.010851625262279308
p2,2015-08,120.88778333333332,0.0,Locked Away (feat. Adam Levine),approximate,0.26420480591711293,0.7357951940828871,0.0,0.0,0.0
p2,2015-09,97.87813333333334,0.0,Locked Away (feat. Adam Levine),approximate,0.3390416790403305,0.6609583209596696,0.0,0.0,0.0
p2,2015-10,166.58878333333334,0.19820462101940237,Up (feat. Demi Lovato),approximate,0.5746838497629942,0.42531615023700575,0.0,0.0,0.0
p2,2022-01,455.13169999999997,0.0,Tattoos Together,approximate,0.6382031105868186,0.27860851412166343,0.07791572563868145,0.005272649652836751,0.0
p2,2022-02,2149.8168166666665,0.0,Get You (feat. Kali Uchis),approximate,0.4589140149142475,0.44499469718385076,0.0024608298215547963,0.0010325685966003507,0.09259788948374664
p2,2022-03,1834.8616833333333,0.0,nothing else i could do,approximate,0.41910780359366057,0.5357179193734141,0.0,0.01980216474264486,0.025372112290280628
p2,2022-04,3372.6426666666666,0.0,As It Was,approximate,0.4988135120155036,0.47327176572120305,0.022200143151838995,0.0,0.005714579111454441
p2,2022-05,3325.8263500000003,0.20757236268013007,hate to be lame (feat. FINNEAS),approximate,0.4543486062243348,0.5256710561572164,0.0008314725551841676,0.0031935171039021125,0.015955347959362542
p2,2022-06,1390.4467166666666,1.0,Tightrope (Glee Cast Version),approximate,0.42888289750237696,0.4513471048387171,0.01181615457564639,0.0,0.10795384308325945
p2,2022-07,1583.6106333333332,0.0,She,approximate,0.4866275735834812,0.47928513319951394,0.02344012634924001,0.0,0.01064716686776478
p2,2022-08,2857.3710166666665,0.0,Bags,approximate,0.19233627582641366,0.7842256816713354,0.02324240812479719,0.0,0.00019563437745375982
p2,2022-09,971.3993333333334,0.0,ceilings,approximate,0.45821627425452904,0.5292483386509771,0.007464849677338328,0.0037777460556901077,0.0012927913614654873
p2,2022-10,3247.3608833333337,0.3285328317349062,Lavender Haze,approximate,0.3963295723014627,0.4916007718329099,0.026760602364628884,0.007908011332669202,0.0774010421683294
p2,2022-11,1839.9692999999997,1.0,Picture To Burn,approximate,0.5535706583075417,0.3865495382631294,0.016144689660492345,0.0,0.04373511376883661
p2,2022-12,1774.3132666666666,0.0,Jesus Christ 2005 God Bless America,approximate,0.4928753843881533,0.33975637860867786,0.07043735493683397,0.0,0.09693088206633484
p2,2023-01,1277.7916500000001,0.0,Moon Song,approximate,0.6367401002607376,0.2843839995354485,0.0051650308822516824,0.0,0.07371086932156219
p2,2023-02,1985.8683333333333,0.0,Scott Street,approximate,0.5552155606153815,0.35986574302928775,0.0030303116772595695,0.01863367913784146,0.06325470554022966
p2,2023-03,2493.56025,0.0,Where do we go now?,approximate,0.5811483867962152,0.4119434451202854,0.0,0.0,0.006908168083499621
p2,2023-04,2209.7537833333336,0.0,Bags,approximate,0.23688400065868576,0.35660174266624733,0.25409170208683957,0.14082749204027079,0.011595062547956416
p2,2023-05,2392.57585,0.14551632013393986,Bags,approximate,0.418541596775988,0.5508521495776195,0.028701005793957728,0.0,0.0019052478524348563
p2,2023-06,1564.1296666666667,1.0,All Too Well (10 Minute Version) (Taylor's Version) (From The Vault),approximate,0.5791632684332011,0.36893433174444834,0.008886145202369198,0.001373181123730364,0.04164307349625106
p2,2023-07,1944.6801,0.0,All Too Well (10 Minute Version) (Taylor's Version) (From The Vault),approximate,0.6598671764403137,0.29971720455890577,0.00469697646757771,0.0,0.035718642533202935
p2,2023-08,665.4824666666667,0.0,Waiting Room,approximate,0.5272051495070693,0.3635255554441354,0.10926929504879518,0.0,0.0
p2,2023-09,1152.0347666666667,0.0,pretty isn’t pretty,approximate,0.6223937454665357,0.28549410386717783,0.0,0.0050421076701880774,0.08707004299609822
p2,2023-10,700.5216,0.197691334571268,pretty isn’t pretty,approximate,0.6481399241174957,0.2807704763612333,0.0,0.05482369613347159,0.016265903387799412
p2,2023-11,1245.3208499999998,1.0,All Too Well (10 Minute Version) (Taylor's Version) (From The Vault),approximate,0.3883031830712543,0.16344023577002934,0.22158838289211438,0.15271370961681616,0.07395448864978585
p2,2023-12,2394.2758166666663,0.0,All Too Well (10 Minute Version) (Taylor's Version) (From The Vault),approximate,0.41237090416253847,0.4367098572025422,0.08240564793186005,0.05059261864908088,0.01792097205397855
p2,2024-01,1643.2039333333332,0.0,Tummy Hurts (feat. Coco Jones) - Remix,approximate,0.5867315353310376,0.3393896553882803,0.00931321813210525,0.0,0.06456559114857685
p2,2024-02,1449.97705,0.0,Tummy Hurts (feat. Coco Jones) - Remix,approximate,0.612071020940182,0.3366040057898388,0.0,0.003148682019944155,0.04817629125003507
p2,2024-03,1295.3629999999998,0.0,Weightless,approximate,0.29216628852298543,0.42486312073655536,0.0,0.08782695146714344,0.19514363927331566
p2,2024-04,2108.0293666666666,0.0,Come Down Soon,approximate,0.6927154999627535,0.26531681302795257,0.0,0.0,0.041967687009293875
p2,2024-05,765.1599333333334,0.14314316771596075,Take A Bite,approximate,0.563350002034433,0.29044246000335094,0.00355315694784158,0.0,0.14265438101437442
p2,2024-06,1187.3048833333332,1.0,BIRDS OF A FEATHER,approximate,0.8110543861571753,0.1860143251888419,0.0,0.0,0.002931288653982767
p2,2024-07,1049.2106833333332,0.0,Ever Seen,approximate,0.6488422145784163,0.22354347294182622,0.00015316275611058162,0.0021524911083555657,0.12530865861529147
p2,2024-08,2067.598266666667,0.0,Sun Bleached Flies,approximate,0.6451447015464706,0.2705218782991177,0.0,0.0,0.0843334201544117
p2,2024-09,1304.5688499999999,0.0,Don’t Smile,approximate,0.5344014103459034,0.34177396361002077,0.0033997822345673816,0.0,0.1204248438095084
p2,2024-10,1777.7077333333334,0.17213847600595467,Go Gina,approximate,0.3901122329219771,0.47815618622873735,0.0008104350561412119,0.07058906870930715,0.060332077083837095
p2,2024-11,1416.6450833333333,1.0,Softly,approximate,0.5468930732532925,0.23116587482126935,0.009450649865783249,0.040104069820828446,0.17238633223882646
p2,2024-12,1482.2105833333333,0.0,Fa La La,approximate,0.5074859976880253,0.2652143276762237,0.014908734009736697,0.08466817608631522,0.12772276453969905
p2,2025-01,1155.155983333333,0.0,Spring Into Summer,approximate,0.48437138193703394,0.2669919512601466,0.015612826544824921,0.0062675374042919655,0.22675630285370263
p2,2025-02,2124.3313166666667,0.0,So Far Gone (feat. Lizzy McAlpine),approximate,0.3722138713155377,0.33885109839151817,0.06779837755847862,0.10146079771502058,0.11967585501944498
p2,2025-03,1003.1574833333333,0.0,Signs,approximate,0.43172516830981456,0.172509720100611,0.0,0.08655013605457662,0.3092149755349979
p2,2025-04,2244.5007833333334,0.0,in my head,approximate,0.5117174051331548,0.28807889997988934,0.01453587522695377,0.02610035474332314,0.1595674649166789
p2,2025-05,2894.85015,0.25525960298843103,Nobody New,approximate,0.6226536918787776,0.18361345923207803,0.009602949568909466,0.01228953652978088,0.17184036279045392
p2,2025-06,1497.08635,1.0,Folded,approximate,0.5665103307723922,0.3718020117320999,0.004937980586980393,0.009220053784250098,0.047529623124277366
p2,2025-07,1920.7517666666668,0.0,Rein Me In (with Olivia Dean),approximate,0.5024005010676983,0.3137996506333206,0.11393708119805106,0.013176576886484014,0.056686190214446076
p2,2025-08,2480.0778,0.0,Booster Seat,approximate,0.2909697765664179,0.2106587610544583,0.24199516375386826,0.23513261694182874,0.02124368168342676
p2,2025-09,2011.1553166666665,0.0,back of the club,approximate,0.0,0.14964827969237152,0.4695672642355759,0.3807844560720526,0.0
p2,2025-10,2123.892316666667,0.12792942994387058,A Couple Minutes,approximate,0.0014690481129932367,0.36070806289072777,0.24892010571879356,0.3847397740401764,0.004163009237309183
p2,2025-11,1205.3311,1.0,Knees,approximate,0.00018748651995566476,0.04939120047595221,0.3305958006061571,0.6170488064787067,0.002776705919228335
p2,2025-12,1666.94735,0.0,Money Will Chase You,approximate,0.0,0.27768454514575197,0.4905844006810813,0.1940297534492216,0.03770130072394508
p2,2026-01,1281.0210333333334,0.0,Rehab,approximate,0.0020043777058981935,0.1509718380632366,0.45892046373113154,0.38739128431172526,0.0007120361880084665
p2,2026-02,133.51123333333334,0.0,Broken Clocks,approximate,0.0,0.0,0.0123557643214541,0.987644235678546,0.0
