person_id,master_metadata_track_name,master_metadata_album_artist_name,total_minutes,repeat_count,days_listened,playlist_share,first_listened,last_listened,peak_month
ama,Under The Milky Way,The Church,1475.0920166666665,396,192,0.5833333333333334,2016-09-25 05:12:53+00:00,2025-11-23 01:10:08+00:00,2018-03
ama,Hallelujah,k.d. lang,1199.8146166666668,244,210,0.9959016393442623,2016-09-23 07:42:07+00:00,2025-11-23 00:29:54+00:00,2018-08
ama,Flame Trees,Sarah Blasko,1059.5597333333335,225,199,1.0,2016-09-25 08:27:06+00:00,2025-11-27 07:26:20+00:00,2022-05
ama,The Blower's Daughter,Damien Rice,897.0433999999999,268,164,1.0,2016-09-25 05:42:29+00:00,2025-11-27 09:34:15+00:00,2017-09
ama,One Crowded Hour,Augie March,817.7480666666668,189,157,0.9312169312169312,2016-09-25 07:30:53+00:00,2025-12-10 03:58:31+00:00,2018-08
ama,Cattle And Cane - Remastered,The Go-Betweens,740.727,236,207,1.0,2016-09-25 05:20:21+00:00,2025-09-28 04:03:11+00:00,2022-09
ama,These Days,Powderfinger,711.1858666666666,158,146,1.0,2017-06-16 08:03:03+00:00,2025-12-13 07:01:27+00:00,2022-05
ama,We Won't Run,Sarah Blasko,696.3459166666667,194,163,0.9896907216494846,2016-09-25 08:21:42+00:00,2025-12-13 06:35:04+00:00,2022-10
ama,Lost my Head there,Kurt Vile,682.17315,132,120,0.5378787878787878,2017-01-14 07:11:16+00:00,2025-08-09 05:55:36+00:00,2022-01
ama,Lock It,Falling Joys,674.3692999999997,214,126,1.0,2016-10-02 09:00:00+00:00,2025-11-27 06:10:30+00:00,2023-06
ama,Stubborn Love,The Lumineers,611.3571833333332,140,124,0.0,2016-09-27 06:56:34+00:00,2025-11-27 09:55:03+00:00,2018-07
ama,Big Jet Plane,Angus & Julia Stone,605.1997666666666,162,137,0.04938271604938271,2016-09-25 07:50:04+00:00,2025-11-27 06:26:18+00:00,2018-08
ama,Private Universe,Crowded House,599.9268999999999,157,116,0.4394904458598726,2016-09-25 06:35:13+00:00,2025-11-27 11:42:11+00:00,2017-12
ama,Somebody That I Used To Know,Gotye,583.3121333333333,146,121,0.0,2016-09-25 07:15:51+00:00,2025-11-27 07:08:39+00:00,2018-06
ama,Trail of Broken Hearts - 2010 Remaster,k.d. lang,574.7894666666668,202,185,1.0,2016-09-23 06:58:20+00:00,2025-11-27 12:56:08+00:00,2022-05
ama,Leeward Side,Josh Pyke,563.1076333333333,228,193,0.4824561403508772,2016-10-02 08:32:11+00:00,2025-12-10 03:53:40+00:00,2023-08
ama,I Don't Want to Change You,Damien Rice,540.2532333333331,148,128,0.0,2016-09-25 08:17:41+00:00,2025-12-10 05:19:55+00:00,2018-07
ama,Coming Down,Ball Park Music,536.6983833333334,157,132,0.6560509554140127,2016-09-25 07:19:26+00:00,2025-11-27 09:18:13+00:00,2018-08
ama,Something I Said,Thundamentals,525.2712666666667,160,136,0.0125,2016-09-30 22:26:05+00:00,2025-12-10 04:02:01+00:00,2018-08
ama,Bury Me Deep In Love,The Triffids,521.7288999999998,197,161,0.6345177664974619,2016-09-27 08:36:21+00:00,2025-11-02 01:37:29+00:00,2022-07
ama,Under The Milky Way - Acoustic,The Church,511.7902499999999,114,109,0.0,2020-01-02 02:05:56+00:00,2025-11-27 12:35:39+00:00,2022-07
ama,Danny Boy,My Friend The Chocolate Cake,509.38503333333335,136,115,0.6617647058823529,2016-09-27 06:37:09+00:00,2025-07-23 03:22:05+00:00,2017-12
ama,Even Though I'm A Woman,Seeker Lover Keeper,504.64408333333336,133,112,1.0,2016-09-25 08:12:14+00:00,2025-12-10 04:20:42+00:00,2018-03
ama,Four Seasons In One Day,Paul Kelly,498.32804999999996,160,136,1.0,2016-10-02 08:44:30+00:00,2025-08-09 08:20:52+00:00,2023-09
ama,Elephant - Todd Rundgren Remix,Tame Impala,489.73731666666663,100,97,0.12,2017-05-04 05:29:05+00:00,2025-08-09 06:01:16+00:00,2023-08
ama,Metropolis - 2005 Digital Remaster,The Church,488.73108333333323,137,121,1.0,2016-09-25 06:22:55+00:00,2025-11-27 07:01:20+00:00,2018-03
ama,Gold,Chet Faker,484.27218333333326,146,130,0.6643835616438356,2016-09-27 06:28:06+00:00,2025-12-10 04:25:25+00:00,2018-09
ama,Big Eyes,Matt Corby,481.0944333333334,152,128,0.0,2016-09-25 06:39:56+00:00,2025-11-27 06:49:44+00:00,2017-09
ama,Home (featuring the Gulu Widows Choir),Edward Sharpe & The Magnetic Zeros,475.5199166666665,108,100,1.0,2016-09-25 07:11:46+00:00,2025-06-28 06:37:51+00:00,2018-03
ama,Royals,Lorde,467.9696833333333,159,134,0.6918238993710691,2016-09-25 06:02:17+00:00,2025-11-27 08:01:46+00:00,2018-08
ama,Don't Stop 'Til You Get Enough,Michael Jackson,430.4716166666666,79,73,1.0,2016-09-30 22:38:34+00:00,2025-11-14 23:01:57+00:00,2023-12
ama,Heart's on Fire,Passenger,429.25266666666664,131,114,0.0,2017-07-16 08:03:28+00:00,2025-06-28 06:21:32+00:00,2018-07
ama,Brown Eyed Girl,Van Morrison,421.55888333333326,213,151,0.0,2016-09-25 06:25:59+00:00,2025-11-27 06:29:31+00:00,2017-08
ama,Farewell Rocketship,Children Collide,413.3745166666668,127,114,1.0,2016-09-25 05:37:40+00:00,2025-11-27 09:21:59+00:00,2019-03
ama,Let's Do It (Let's Fall In Love),Louis Armstrong,409.4416333333332,59,56,0.0,2016-09-25 07:39:35+00:00,2025-06-28 06:55:53+00:00,2023-01
ama,Seven Day Mile,The Frames,409.42414999999994,140,123,0.6428571428571429,2016-09-25 06:52:29+00:00,2025-11-27 12:01:18+00:00,2017-12
ama,Here Comes Your Man,Pixies,407.4575500000001,149,137,0.6174496644295302,2016-09-25 05:33:55+00:00,2025-11-06 10:36:00+00:00,2018-03
ama,Fools Gold - Remastered 2009,The Stone Roses,390.1446500000001,46,45,1.0,2017-01-12 22:52:14+00:00,2025-07-31 21:59:12+00:00,2017-06
ama,Lordy May,Boy & Bear,379.67831666666666,145,122,0.0,2016-09-25 06:29:33+00:00,2025-11-27 08:53:26+00:00,2017-09
ama,Talk Is Cheap,Chet Faker,378.96888333333334,153,141,0.6470588235294118,2016-09-22 06:12:54+00:00,2025-11-21 06:06:27+00:00,2017-03
ama,Melting,Paul Kelly,375.2689166666667,121,108,0.0,2016-09-25 05:47:46+00:00,2025-12-10 03:46:50+00:00,2017-09
ama,Straight Lines,Silverchair,372.5592000000001,109,92,0.0,2016-09-27 07:07:40+00:00,2025-11-23 00:03:18+00:00,2018-03
ama,My Happiness,Powderfinger,368.6016166666667,85,77,1.0,2017-07-16 06:21:45+00:00,2025-10-27 04:59:09+00:00,2022-05
ama,Departures (Blue Toowong Skies),Bernard Fanning,366.9713666666667,87,82,0.06896551724137931,2016-12-02 11:03:49+00:00,2025-10-11 05:31:29+00:00,2022-05
ama,Ain't No Sunshine,Michael Jackson,365.8609833333333,140,120,0.0,2016-09-25 08:31:17+00:00,2025-07-23 02:32:34+00:00,2018-06
ama,Don't Dream It's Over,Sarah Blasko,359.1849833333334,86,74,1.0,2019-06-08 07:29:25+00:00,2025-10-24 07:20:00+00:00,2021-10
ama,Eternal Flame,The Bangles,355.25290000000007,114,102,0.15789473684210525,2016-09-25 06:06:17+00:00,2025-11-27 11:28:33+00:00,2018-07
ama,Fugitive,David Gray,353.8265666666666,163,137,0.656441717791411,2016-09-27 06:31:48+00:00,2025-11-02 01:46:44+00:00,2018-06
ama,You Do Something To Me,Paul Weller,350.2574333333333,139,117,0.4244604316546763,2016-09-25 08:33:00+00:00,2025-12-10 04:16:33+00:00,2018-06
ama,Step,Vampire Weekend,347.9119833333334,128,111,0.640625,2016-09-27 08:04:50+00:00,2025-11-27 10:30:42+00:00,2017-09
angie,心情電梯 (Live in summer),sodagreen,852.8723333333332,214,45,0.0,2022-02-18 12:10:46+00:00,2025-04-04 00:27:11+00:00,2022-02
angie,"如果可以 - 電影""月老""主題曲",WeiBird,801.9530333333332,189,50,0.0,2021-11-04 13:44:21+00:00,2026-04-10 07:18:04+00:00,2022-05
angie,國境之南,Fan Yi Chen,781.03915,214,37,0.0,2022-05-09 11:00:27+00:00,2026-04-13 05:33:55+00:00,2022-06
angie,懷疑愛,楊宇騰YU,691.8155333333333,257,61,0.0,2021-08-30 14:39:43+00:00,2025-11-24 20:45:59+00:00,2021-08
angie,命硬,Justin Lo,538.9676666666667,173,53,0.0,2021-09-15 20:39:59+00:00,2026-04-10 07:06:22+00:00,2021-09
angie,アイドル,YOASOBI,500.20233333333334,146,27,0.0,2023-10-13 12:54:30+00:00,2026-03-13 05:20:37+00:00,2023-10
angie,Mirror in the Heart,YU,446.91886666666676,92,43,0.0,2022-08-04 16:19:39+00:00,2026-03-12 20:56:31+00:00,2022-08
angie,身騎白馬,LaLa Hsu,396.35613333333333,83,67,0.0,2021-09-07 13:26:26+00:00,2026-04-13 22:13:42+00:00,2021-10
angie,大火,Jess Lee,390.69506666666655,78,61,0.0,2021-09-20 17:36:18+00:00,2026-04-01 22:31:29+00:00,2021-09
angie,失落沙洲,LaLa Hsu,389.5579333333334,89,73,0.0,2021-09-05 15:21:36+00:00,2026-04-12 21:33:21+00:00,2021-12
angie,Ref:rain,Aimer,363.71258333333344,86,68,0.0,2021-09-13 07:19:44+00:00,2026-04-10 06:59:17+00:00,2021-10
angie,喜歡你,LaLa Hsu,362.19876666666676,91,72,0.0,2021-09-05 15:23:37+00:00,2026-03-24 23:40:39+00:00,2021-10
angie,夠愛,Pets Tseng,355.02185,78,60,0.0,2021-09-01 01:05:45+00:00,2026-04-01 05:17:33+00:00,2021-12
angie,Thousand Years Tear,Tank,352.16831666666667,89,77,0.0,2021-09-12 19:20:49+00:00,2026-04-13 21:31:25+00:00,2022-11
angie,煎熬,Jess Lee,351.8648833333334,87,63,0.0,2021-09-21 21:14:17+00:00,2026-04-12 21:28:21+00:00,2021-10
angie,相信,sodagreen,350.54398333333336,55,46,0.0,2021-09-08 16:15:23+00:00,2026-04-10 07:13:29+00:00,2021-09
angie,茜さす,Aimer,338.8340833333334,66,59,0.0,2021-09-13 16:57:46+00:00,2025-08-20 21:39:16+00:00,2021-10
angie,Run Away,TZUYU,309.8271500000001,98,38,0.0,2025-01-20 12:58:01+00:00,2026-04-10 06:50:34+00:00,2025-01
angie,無與倫比的美麗,sodagreen,308.9718,69,54,0.0,2021-09-08 16:39:38+00:00,2025-11-06 00:17:29+00:00,2021-09
angie,Footprints,YU,298.7124333333333,67,25,0.0,2023-01-02 18:18:43+00:00,2025-12-21 00:33:06+00:00,2023-01
angie,庆幸有你爱我,Joi Chua,293.5405666666666,69,55,0.0,2021-10-20 15:19:43+00:00,2026-04-02 06:29:09+00:00,2021-12
angie,你在 不在,Amber Kuo,291.01655000000005,75,58,0.0,2021-09-14 18:58:42+00:00,2026-04-01 22:16:54+00:00,2021-10
angie,你啊你啊 - 電視劇「用九柑仔店」插曲,Waa Wei,279.53639999999996,55,44,0.0,2021-09-15 08:28:56+00:00,2025-09-08 09:30:06+00:00,2022-03
angie,SPL,JS,270.4681166666668,62,53,0.0,2021-09-13 17:16:34+00:00,2026-04-01 00:05:18+00:00,2022-11
angie,Leaves - The Rose Version,A-Sun,268.9616166666667,59,43,0.0,2021-09-20 16:09:54+00:00,2023-08-24 14:50:39+00:00,2021-09
angie,奢香夫人,凤凰传奇,268.86411666666663,64,14,0.0,2025-02-11 01:56:13+00:00,2026-04-01 20:24:15+00:00,2025-02
angie,小情歌,sodagreen,262.1318166666666,69,50,0.0,2021-09-07 18:38:42+00:00,2025-12-15 02:10:26+00:00,2022-04
angie,慢慢等,WeiBird,258.89405000000005,75,55,0.0,2021-10-13 14:39:43+00:00,2025-12-11 04:27:03+00:00,2021-10
angie,Wherever you are,ONE OK ROCK,256.5512,59,42,0.0,2021-09-12 19:32:31+00:00,2026-04-13 05:35:15+00:00,2021-10
angie,六等星の夜 Magic Blue ver.,Aimer,255.8770166666667,50,36,0.0,2021-09-13 16:56:20+00:00,2025-03-12 21:20:12+00:00,2021-10
angie,一個人想著一個人,Pets Tseng,254.59108333333333,70,53,0.0,2021-09-01 00:52:08+00:00,2026-03-29 22:22:58+00:00,2021-09
angie,Single,Shadya Lan,253.80818333333332,64,54,0.0,2021-09-05 15:10:58+00:00,2025-10-29 05:41:07+00:00,2022-04
angie,我好想你,sodagreen,253.57233333333335,59,46,0.0,2021-09-07 17:44:21+00:00,2025-10-30 00:02:09+00:00,2021-10
angie,彼個所在,Waa Wei,253.09936666666667,55,41,0.0,2021-09-19 15:14:31+00:00,2026-03-18 13:50:44+00:00,2021-10
angie,不過失去了一點點 - 八大《終極惡女》片尾曲,Pets Tseng,251.12153333333336,53,43,0.0,2021-09-01 01:10:49+00:00,2025-08-19 06:24:57+00:00,2021-10
angie,会いたくて 会いたくて,Kana Nishino,251.06176666666667,56,42,0.0,2021-09-12 19:21:10+00:00,2025-11-24 22:29:11+00:00,2021-10
angie,九万字,黄诗扶,249.5532333333334,67,39,0.0,2021-11-29 00:52:22+00:00,2026-04-10 06:54:27+00:00,2022-02
angie,Sora to ao,Leo Ieiri,248.32983333333334,66,44,0.0,2021-08-30 19:47:49+00:00,2026-03-13 05:14:46+00:00,2021-09
angie,該忘了,Amber Kuo,247.93505,62,47,0.0,2021-09-14 19:01:22+00:00,2026-04-12 21:50:06+00:00,2022-04
angie,你被寫在我的歌裡,sodagreen,247.91743333333338,60,46,0.0,2021-09-08 11:31:45+00:00,2025-11-27 01:21:05+00:00,2021-09
angie,塵埃,Jia Jia,246.87433333333334,49,36,0.0,2021-09-20 17:30:54+00:00,2025-11-25 05:50:10+00:00,2021-09
angie,放生,Fan Yi Chen,244.76576666666665,58,43,0.0,2021-09-19 14:41:28+00:00,2025-10-30 06:34:43+00:00,2021-12
angie,人質,A-Mei Chang,234.93776666666668,67,53,0.0,2021-09-15 12:33:15+00:00,2026-03-25 20:55:46+00:00,2022-04
angie,在你和天空之間,趙之璧,233.94543333333334,49,45,0.0,2021-11-08 08:54:45+00:00,2025-12-03 05:49:48+00:00,2021-11
angie,追追追 - Live,sodagreen,233.91366666666661,51,40,0.0,2021-09-07 12:48:07+00:00,2025-11-07 00:54:16+00:00,2021-09
angie,數不盡的星空,Pets Tseng,232.84796666666665,55,41,0.0,2021-09-02 00:07:01+00:00,2026-03-25 19:54:10+00:00,2021-12
angie,也可以,Janice Yan,231.9432833333333,54,47,0.0,2022-04-11 06:18:04+00:00,2026-04-12 21:54:40+00:00,2023-06
angie,幸福了 然後呢,A-Lin,229.22800000000004,49,39,0.0,2021-09-20 19:24:30+00:00,2026-03-28 10:06:17+00:00,2021-10
angie,粉雪,Remioromen,228.88883333333334,49,37,0.0,2021-08-30 20:03:16+00:00,2025-08-25 21:18:09+00:00,2021-10
angie,純情,Leo Ieiri,227.22614999999996,68,49,0.0,2021-09-02 02:39:37+00:00,2025-08-12 06:26:09+00:00,2021-09
ken,Stellar Stellar,Hoshimachi Suisei,12.388483333333333,3,2,0.0,2021-12-03 03:01:34+00:00,2023-02-27 15:41:44+00:00,2021-12
ken,Ichido dakeno Koi nara,ワルキューレ,8.424433333333333,2,1,0.0,2021-12-03 03:35:10+00:00,2021-12-03 04:01:15+00:00,2021-12
ken,未来は風のように,Liella!,5.9268833333333335,3,2,0.0,2021-12-03 02:48:47+00:00,2021-12-19 10:24:08+00:00,2021-12
ken,GHOST,Hoshimachi Suisei,5.414916666666667,2,1,0.0,2021-12-03 03:06:18+00:00,2021-12-03 03:18:58+00:00,2021-12
ken,始まりは君の空,Liella!,5.031166666666667,1,1,0.0,2021-12-19 10:20:00+00:00,2021-12-19 10:20:00+00:00,2021-12
ken,未来予報ハレルヤ！,Liella!,4.961416666666667,2,1,0.0,2021-12-19 09:45:59+00:00,2021-12-19 10:35:21+00:00,2021-12
ken,Ikenai Borderline,ワルキューレ,4.716,1,1,0.0,2021-12-03 03:57:03+00:00,2021-12-03 03:57:03+00:00,2021-12
ken,Ikenai Borderline -album version-,ワルキューレ,4.66155,1,1,0.0,2021-12-03 03:30:47+00:00,2021-12-03 03:30:47+00:00,2021-12
ken,Ensemble for Polaris,エステラ(Vo.六花),4.637933333333334,2,1,0.0,2021-12-19 09:26:45+00:00,2021-12-19 09:31:39+00:00,2021-12
ken,Ordinary days,milet,4.5131,1,1,0.0,2023-02-27 15:12:20+00:00,2023-02-27 15:12:20+00:00,2023-02
ken,バブル,Shonan No Kaze,4.442066666666666,1,1,0.0,2023-02-27 15:24:36+00:00,2023-02-27 15:24:36+00:00,2023-02
ken,M八七,Kenshi Yonezu,4.3853333333333335,1,1,0.0,2023-02-27 15:03:41+00:00,2023-02-27 15:03:41+00:00,2023-02
ken,絶体絶命,EGOIST,4.378416666666666,1,1,0.0,2021-12-03 03:46:24+00:00,2021-12-03 03:46:24+00:00,2021-12
ken,Oratio Super Oblata - Praefatio - Sanctus Xii,Gregorian Chant,4.356133333333333,1,1,0.0,2025-05-12 13:20:53+00:00,2025-05-12 13:20:53+00:00,2025-05
ken,秒針を噛む,ZUTOMAYO,4.346666666666667,1,1,0.0,2023-02-27 15:36:46+00:00,2023-02-27 15:36:46+00:00,2023-02
ken,Daisy (Remaster for 星の消えた夜に 2022),Aimer,4.340433333333333,1,1,0.0,2023-02-27 15:32:25+00:00,2023-02-27 15:32:25+00:00,2023-02
ken,Love Triangle,DiverDiva,4.222883333333334,1,1,0.0,2021-12-12 09:10:47+00:00,2021-12-12 09:10:47+00:00,2021-12
ken,ワタリドリ,[Alexandros],4.1451,1,1,0.0,2023-02-27 15:19:46+00:00,2023-02-27 15:19:46+00:00,2023-02
ken,Mela!,Ryokuoushoku Shakai,4.034433333333333,1,1,0.0,2023-02-27 15:07:49+00:00,2023-02-27 15:07:49+00:00,2023-02
ken,START!! True dreams,Liella!,4.021983333333333,1,1,0.0,2021-12-19 10:28:10+00:00,2021-12-19 10:28:10+00:00,2021-12
ken,Fire Bird,朝香果林 (CV.久保田未夢),3.95,1,1,0.0,2021-12-03 03:24:02+00:00,2021-12-03 03:24:02+00:00,2021-12
ken,Seikan Hiko,Ranka Lee = Megumi Nakajima,3.8537,1,1,0.0,2021-12-03 03:39:01+00:00,2021-12-03 03:39:01+00:00,2021-12
ken,Lion,May'n,3.745433333333333,1,1,0.0,2021-12-03 04:48:49+00:00,2021-12-03 04:48:49+00:00,2021-12
ken,I Believe In Us (Arknights Soundtrack),Reigan,3.486666666666667,1,1,0.0,2021-12-03 03:51:45+00:00,2021-12-03 03:51:45+00:00,2021-12
ken,カタオモイ,Aimer,3.456,1,1,0.0,2023-02-27 15:28:04+00:00,2023-02-27 15:28:04+00:00,2023-02
ken,ノンフィクション!!,Liella!,3.3850166666666666,1,1,0.0,2021-12-19 10:14:58+00:00,2021-12-19 10:14:58+00:00,2021-12
ken,Tractus - Qui Confidunt,Gregorian Chant,3.3589333333333333,1,1,0.0,2025-05-12 13:24:15+00:00,2025-05-12 13:24:15+00:00,2025-05
ken,Introibo ad altare Dei,Kamil Przygrodzki,3.33085,1,1,0.0,2025-05-12 13:32:33+00:00,2025-05-12 13:32:33+00:00,2025-05
ken,Dancing Heart La-Pa-Pa-Pa!,Liella!,3.31095,1,1,0.0,2021-12-19 10:31:29+00:00,2021-12-19 10:31:29+00:00,2021-12
ken,祝福,YOASOBI,3.270583333333333,1,1,0.0,2023-02-27 15:15:37+00:00,2023-02-27 15:15:37+00:00,2023-02
ken,Missa De Angelis - E Canti Dell' Anno Liturgico: Adoro Te Devoto,Collana Diretta da Bonifacio G. Baroffio,3.07085,1,1,0.0,2025-05-12 13:27:20+00:00,2025-05-12 13:27:20+00:00,2025-05
ken,Graduale,Chants From the Holyland- Graz Gregorian Chants School of Austri,2.923016666666667,1,1,0.0,2025-05-12 13:45:29+00:00,2025-05-12 13:45:29+00:00,2025-05
ken,Fluorite Eye's Song,ヴィヴィ(Vo.八木海莉),2.88,1,1,0.0,2021-12-19 09:26:44+00:00,2021-12-19 09:26:44+00:00,2021-12
ken,Psalm 10,Floriani,2.7777833333333333,1,1,0.0,2025-05-12 13:42:33+00:00,2025-05-12 13:42:33+00:00,2025-05
ken,O Filii Et Filiæ,The Schola Cantorum of St. John XXIII Parish,2.7103166666666665,1,1,0.0,2025-05-12 13:37:48+00:00,2025-05-12 13:37:48+00:00,2025-05
ken,約束,フレンズ,2.55965,1,1,0.0,2023-02-27 15:39:21+00:00,2023-02-27 15:39:21+00:00,2023-02
ken,セックス大好き,Pink Guy,1.9917833333333332,1,1,0.0,2021-12-12 09:13:07+00:00,2021-12-12 09:13:07+00:00,2021-12
ken,Missa De Angelis - E Canti Dell' Anno Liturgico: Ecce Mandi Gaudium,Collana Diretta da Bonifacio G. Baroffio,1.9477666666666666,1,1,0.0,2025-05-12 13:39:46+00:00,2025-05-12 13:39:46+00:00,2025-05
ken,Victimae Paschali Laudes Chant,Martin Pazdioch,1.8723166666666666,1,1,0.0,2025-05-12 13:29:13+00:00,2025-05-12 13:29:13+00:00,2025-05
ken,ゼラニウム,Keiichi Okabe,1.8349,1,1,0.0,2021-12-19 09:40:48+00:00,2021-12-19 09:40:48+00:00,2021-12
ken,Te Deum Chant,Gregorian Chant,1.7579,1,1,0.0,2025-05-12 13:47:15+00:00,2025-05-12 13:47:15+00:00,2025-05
ken,Vidi Aquam - Chant Mass,OCP Session Choir,1.7329333333333334,1,1,0.0,2025-05-12 13:34:22+00:00,2025-05-12 13:34:22+00:00,2025-05
ken,"Guilty Night, Guilty Kiss!",Guilty Kiss,1.4702666666666666,1,1,0.0,2021-12-19 11:26:14+00:00,2021-12-19 11:26:14+00:00,2021-12
ken,NEXT COLOR PLANET,Hoshimachi Suisei,1.4530666666666667,1,1,0.0,2021-12-03 03:07:46+00:00,2021-12-03 03:07:46+00:00,2021-12
ken,Dreaming Energy,Liella!,1.4415333333333333,1,1,0.0,2021-12-19 10:36:49+00:00,2021-12-19 10:36:49+00:00,2021-12
ken,エンド,Reol,1.1980333333333333,2,1,0.0,2019-06-28 15:11:36+00:00,2019-06-28 15:11:36+00:00,2019-06
ken,10月無口な君を忘れる,Atarayo,1.1780666666666666,1,1,0.0,2021-12-19 10:11:30+00:00,2021-12-19 10:11:30+00:00,2021-12
ken,花簪 HANAKANZASHI - GAME VERSION,小早川紗枝 (CV: 立花理香),1.0,1,1,0.0,2023-02-27 14:45:02+00:00,2023-02-27 14:45:02+00:00,2023-02
ken,Strobe Memory,Maaya Uchida,0.9364166666666667,1,1,0.0,2021-12-03 03:47:38+00:00,2021-12-03 03:47:38+00:00,2021-12
ken,YouSeeBIGGIRL/T:T,Hiroyuki Sawano,0.92585,2,1,0.0,2021-12-19 09:35:31+00:00,2021-12-19 09:38:29+00:00,2021-12
p1,Teardrop,Massive Attack,468.73325,90,7,0.0,2023-04-06 01:20:07+00:00,2025-02-28 23:03:29+00:00,2024-07
p1,Missing,Everything But The Girl,202.45213333333334,50,7,0.0,2025-02-15 13:28:05+00:00,2025-06-16 10:31:07+00:00,2025-02
p1,Angel - Dusted Remix,Sarah McLachlan,59.55721666666667,16,14,0.0,2023-06-17 08:16:31+00:00,2025-05-30 02:56:03+00:00,2024-12
p1,Groove Is in the Heart,Deee-Lite,53.162800000000004,18,15,0.0,2024-12-13 23:09:49+00:00,2025-06-02 07:44:49+00:00,2025-01
p1,Believe,Cher,46.4852,23,18,0.0,2024-12-13 22:26:25+00:00,2025-06-17 21:50:35+00:00,2024-12
p1,"Across the Stars (Love Theme from ""Star Wars: Attack of the Clones"")",John Williams,44.71260000000001,15,11,0.0,2023-09-09 01:54:36+00:00,2025-05-23 04:39:47+00:00,2023-09
p1,Tell Her About It,Billy Joel,40.21203333333333,15,12,0.0,2022-12-24 06:26:57+00:00,2025-05-30 22:40:53+00:00,2024-12
p1,Wake Me Up Before You Go-Go,Wham!,40.072583333333334,15,12,0.0,2023-02-25 06:29:53+00:00,2025-06-16 10:20:42+00:00,2024-12
p1,Into the Groove,Madonna,39.55250000000001,13,12,0.0,2024-12-13 22:38:46+00:00,2025-05-30 02:47:33+00:00,2024-12
p1,My Life,Billy Joel,38.88956666666666,9,8,0.0,2022-12-22 11:51:50+00:00,2024-04-27 08:41:39+00:00,2023-01
p1,Shivoham Shivoham,Sanjeev Abhyankar,36.12511666666666,6,2,0.0,2023-07-18 11:20:03+00:00,2023-07-30 01:29:42+00:00,2023-07
p1,Princess Leia's Theme,John Williams,35.669016666666664,10,9,0.0,2023-09-09 02:51:35+00:00,2025-05-23 04:54:45+00:00,2023-09
p1,"2 Lyric Pieces, Op. 68 (version for orchestra): V. Badnlat (At the cradle)",Edvard Grieg,32.917816666666674,12,11,0.0,2023-09-21 09:37:47+00:00,2025-06-07 01:18:39+00:00,2023-09
p1,Spiegel im spiegel,Arvo Pärt,32.75981666666667,7,6,0.0,2023-02-22 04:44:25+00:00,2025-05-15 05:31:04+00:00,2023-10
p1,Fantasia Gaelach No. 1,Archibald James Potter,32.73441666666667,4,2,0.0,2024-03-23 05:25:43+00:00,2024-04-07 05:58:45+00:00,2024-03
p1,The Unanswered Question,Charles Ives,30.228316666666665,8,6,0.0,2023-09-15 01:13:55+00:00,2024-09-19 23:36:01+00:00,2024-05
p1,Duel of the Fates,John Williams,29.731699999999996,10,9,0.0,2023-09-09 02:25:51+00:00,2025-05-23 04:50:22+00:00,2023-09
p1,Protection,Massive Attack,29.620649999999998,4,3,0.0,2024-12-25 08:00:29+00:00,2025-01-26 06:31:35+00:00,2025-01
p1,Fuck You,Lily Allen,29.61395,15,10,0.0,2024-12-13 22:48:57+00:00,2025-05-30 02:56:09+00:00,2024-12
p1,Piano Man,Billy Joel,29.1344,7,6,0.0,2022-12-22 11:47:06+00:00,2023-08-14 22:54:00+00:00,2023-01
p1,New York State of Mind,Billy Joel,28.31675,5,5,0.0,2022-12-22 12:09:01+00:00,2023-10-19 08:30:48+00:00,2023-02
p1,My Girl,The Temptations,27.690933333333337,13,4,0.0,2023-10-11 07:07:11+00:00,2023-11-03 05:29:02+00:00,2023-10
p1,Conversations From A Speakeasy,Hilltop Hoods,23.94155,8,7,0.0,2024-12-13 23:20:02+00:00,2025-03-18 09:30:01+00:00,2024-12
p1,Wooden ships,Nigel Westlake,23.67393333333333,16,10,0.0,2022-12-06 11:37:37+00:00,2024-10-25 02:53:43+00:00,2023-10
p1,I Giorni,Ludovico Einaudi,23.3407,3,3,0.0,2024-04-02 04:29:11+00:00,2024-10-25 03:31:23+00:00,2024-09
p1,The Lark Ascending,Ralph Vaughan Williams,23.195283333333332,2,2,0.0,2025-04-04 09:06:54+00:00,2025-04-11 06:56:50+00:00,2025-04
p1,Call Me Maybe,Carly Rae Jepsen,22.928483333333332,10,4,0.0,2023-07-17 21:57:20+00:00,2025-04-03 01:01:58+00:00,2023-07
p1,Africa,TOTO,22.70133333333333,5,5,0.0,2023-02-25 06:18:48+00:00,2024-09-16 22:36:41+00:00,2023-05
p1,Gangnam Style (강남스타일),PSY,20.93235,13,12,0.0,2024-12-18 03:50:39+00:00,2025-06-16 10:24:22+00:00,2024-12
p1,She's Always a Woman,Billy Joel,20.61065,9,7,0.0,2022-12-22 11:58:31+00:00,2023-10-19 08:04:01+00:00,2023-02
p1,American Pie,Don McLean,20.30825,3,3,0.0,2023-04-06 02:51:01+00:00,2024-09-16 22:28:12+00:00,2023-05
p1,Lebanese Blonde,Thievery Corporation,20.121933333333335,5,4,0.0,2025-01-04 12:02:31+00:00,2025-01-26 07:00:41+00:00,2025-01
p1,Honesty,Billy Joel,19.684450000000002,8,8,0.0,2022-12-24 06:00:59+00:00,2025-05-10 12:17:46+00:00,2023-10
p1,Space Cowboy,Jamiroquai,19.34865,3,3,0.0,2025-01-11 21:57:40+00:00,2025-02-28 23:22:12+00:00,2025-01
p1,Just the Way You Are,Billy Joel,19.3066,4,4,0.0,2022-12-24 05:57:05+00:00,2024-04-11 01:22:53+00:00,2022-12
p1,Canned Heat,Jamiroquai,18.648550000000004,5,4,0.0,2025-01-04 07:01:59+00:00,2025-03-02 22:34:47+00:00,2025-01
p1,Reverie (arr. for flute and harp),Anonymous,17.552116666666667,5,4,0.0,2024-03-18 21:04:13+00:00,2025-04-11 06:13:36+00:00,2024-03
p1,Last Christmas,Wham!,17.523,4,3,0.0,2022-12-09 05:02:54+00:00,2023-12-01 06:06:40+00:00,2023-11
p1,The Sea,Morcheeba,17.364,3,3,0.0,2025-01-04 11:46:08+00:00,2025-01-24 02:10:32+00:00,2025-01
p1,Champagne Supernova - Remastered,Oasis,17.210500000000003,3,3,0.0,2024-12-13 23:38:42+00:00,2025-02-08 04:53:45+00:00,2024-12
p1,"The Birds, P. 154: 2. The Dove",Ottorino Respighi,16.99311666666667,10,6,0.0,2023-11-19 02:46:06+00:00,2024-10-05 00:47:12+00:00,2024-05
p1,All I Need (feat. Beth Hirsch),Air,16.9508,5,4,0.0,2025-01-04 07:05:31+00:00,2025-02-28 22:17:39+00:00,2025-01
p1,Uptown Girl,Billy Joel,16.8961,7,7,0.0,2022-12-22 11:55:08+00:00,2023-10-19 07:39:48+00:00,2023-01
p1,You May Be Right,Billy Joel,16.88,4,4,0.0,2022-12-24 06:31:09+00:00,2023-10-20 06:52:33+00:00,2023-10
p1,"Piano Concerto No. 2 in C Minor, Op. 18: I. Moderato - Live",Sergei Rachmaninoff,15.829133333333335,2,2,0.0,2024-06-07 06:55:30+00:00,2024-08-02 06:15:48+00:00,2024-06
p1,Only the Good Die Young,Billy Joel,15.704,4,4,0.0,2022-12-23 23:03:07+00:00,2023-10-19 08:38:34+00:00,2022-12
p1,Take on Me,a-ha,15.6999,5,5,0.0,2023-02-25 06:04:39+00:00,2025-06-02 08:33:43+00:00,2023-02
p1,Don't Know Why,Norah Jones,15.538366666666667,4,4,0.0,2025-02-08 05:19:17+00:00,2025-06-12 09:43:07+00:00,2025-02
p1,Scenes from an Italian Restaurant,Billy Joel,15.330416666666666,4,4,0.0,2022-12-22 11:58:36+00:00,2023-02-22 05:40:07+00:00,2023-01
p1,Virtual Insanity - Remastered 2006,Jamiroquai,15.290666666666667,4,4,1.0,2025-01-11 22:05:58+00:00,2025-01-26 06:39:26+00:00,2025-01
p2,Bags,Clairo,1047.0730666666664,297,86,0.0,2022-08-01 06:55:05+00:00,2025-11-28 15:46:18+00:00,2022-08
p2,Moon Song,Phoebe Bridgers,570.8780499999998,172,123,0.0,2022-03-03 06:15:36+00:00,2025-12-31 11:18:20+00:00,2023-01
p2,Waiting Room,Phoebe Bridgers,469.88730000000004,99,79,0.0,2022-03-31 04:56:44+00:00,2026-01-27 19:46:57+00:00,2022-05
p2,Tummy Hurts (feat. Coco Jones) - Remix,Reneé Rapp,427.62953333333337,168,20,0.0,2024-01-06 06:28:33+00:00,2025-12-14 12:56:46+00:00,2024-01
p2,ceilings,Lizzy McAlpine,381.98749999999995,171,125,0.0,2022-04-27 04:04:24+00:00,2026-01-15 10:49:48+00:00,2022-09
p2,Weightless,Marconi Union,375.83621666666664,50,10,0.0,2024-02-26 06:06:16+00:00,2024-08-30 06:37:07+00:00,2024-03
p2,Sun Bleached Flies,Ethel Cain,368.9698000000001,66,43,0.0,2024-07-15 07:46:21+00:00,2026-01-15 10:09:23+00:00,2024-08
p2,All Too Well (10 Minute Version) (Taylor's Version) (From The Vault),Taylor Swift,345.94876666666676,46,42,0.0,2022-04-30 09:39:29+00:00,2025-05-31 02:40:53+00:00,2023-06
p2,Spring Into Summer,Lizzy McAlpine,329.39585,105,69,0.0,2025-01-24 23:22:24+00:00,2026-01-27 19:55:16+00:00,2025-01
p2,Broken Clocks,SZA,326.3294333333333,115,84,0.0,2022-08-06 03:42:54+00:00,2026-02-05 18:54:33+00:00,2024-11
p2,Good Days,SZA,319.3193833333333,98,80,0.0,2022-02-10 03:36:16+00:00,2026-02-03 21:02:26+00:00,2024-11
p2,I Know The End,Phoebe Bridgers,319.15926666666667,105,80,0.0,2022-03-31 05:05:52+00:00,2025-12-31 11:29:01+00:00,2023-02
p2,American Teenager,Ethel Cain,318.36558333333335,97,57,0.0,2024-07-15 07:36:33+00:00,2026-01-15 10:09:22+00:00,2024-08
p2,Funeral,Phoebe Bridgers,314.0450166666667,128,90,0.0,2022-03-26 04:38:26+00:00,2025-12-31 11:09:29+00:00,2022-04
p2,Amoeba,Clairo,311.1735,107,90,0.0,2022-08-01 08:50:32+00:00,2026-01-26 14:02:19+00:00,2024-11
p2,21,Gracie Abrams,299.7688166666666,120,67,0.0,2022-05-12 04:07:51+00:00,2025-05-15 10:21:52+00:00,2024-08
p2,Scott Street,Phoebe Bridgers,297.01393333333334,106,71,0.0,2023-01-12 10:27:42+00:00,2025-12-31 12:01:10+00:00,2023-02
p2,august,Taylor Swift,289.59684999999996,89,68,0.0,2022-03-27 01:43:29+00:00,2026-01-15 10:49:49+00:00,2023-03
p2,Where do we go now?,Gracie Abrams,285.13856666666663,93,68,0.0,2023-01-27 10:50:40+00:00,2025-06-29 04:11:46+00:00,2023-02
p2,Graceland Too,Phoebe Bridgers,280.6584666666666,95,73,0.0,2022-04-03 03:37:52+00:00,2026-01-27 20:04:22+00:00,2023-02
p2,Go Gina,SZA,278.1367666666667,133,72,0.0,2024-10-08 05:36:46+00:00,2026-02-03 20:45:52+00:00,2024-10
p2,Nothing New (feat. Phoebe Bridgers) (Taylor’s Version) (From The Vault),Taylor Swift,275.6058833333333,106,84,0.0,2022-04-03 03:43:44+00:00,2025-12-31 11:33:18+00:00,2023-04
p2,mirrorball,Taylor Swift,274.89475000000004,119,94,0.0,2022-06-01 03:01:48+00:00,2024-12-25 01:41:30+00:00,2023-03
p2,Juna,Clairo,270.5629333333333,105,78,0.0,2024-07-14 01:41:01+00:00,2026-01-27 20:56:34+00:00,2025-04
p2,Pancakes for Dinner,Lizzy McAlpine,266.1446833333333,112,87,0.0,2022-03-31 04:38:40+00:00,2025-12-19 15:06:29+00:00,2022-04
p2,Sexy to Someone,Clairo,264.76393333333334,116,78,0.0,2024-05-24 00:36:58+00:00,2025-09-03 18:10:01+00:00,2025-05
p2,Sofia,Clairo,263.93545,115,93,0.0,2022-02-18 06:28:50+00:00,2026-01-26 13:52:42+00:00,2024-11
p2,this is me trying,Taylor Swift,261.4993333333333,118,95,0.0,2022-04-01 10:22:58+00:00,2025-03-28 00:43:58+00:00,2023-03
p2,Softly,Clairo,260.79643333333337,109,79,0.0,2022-03-18 07:07:47+00:00,2026-01-26 13:55:57+00:00,2024-11
p2,4EVER,Clairo,258.94813333333343,115,92,0.0,2022-08-01 07:01:00+00:00,2025-09-11 19:21:55+00:00,2024-11
p2,doomsday,Lizzy McAlpine,258.89500000000004,102,86,0.0,2022-04-27 04:19:18+00:00,2026-01-27 21:47:07+00:00,2025-02
p2,touch tank,quinnie,255.3824833333333,117,54,0.0,2022-07-19 06:40:42+00:00,2025-10-16 12:04:14+00:00,2022-08
p2,ICU,Phoebe Bridgers,253.63261666666662,101,68,0.0,2022-12-28 12:20:02+00:00,2025-12-31 11:18:04+00:00,2023-02
p2,Motion Sickness,Phoebe Bridgers,253.2537166666667,91,68,0.0,2022-03-05 05:41:19+00:00,2025-12-31 11:28:45+00:00,2022-04
p2,I know it won't work,Gracie Abrams,251.91893333333337,81,63,0.0,2023-02-25 00:21:10+00:00,2025-07-15 03:02:58+00:00,2023-03
p2,Booster Seat,Spacey Jane,248.76841666666667,61,53,0.0,2022-03-18 05:10:06+00:00,2025-12-25 14:21:34+00:00,2025-08
p2,20 Something,SZA,247.87469999999996,92,68,0.0,2024-10-08 06:14:47+00:00,2026-01-27 20:53:18+00:00,2024-11
p2,Difficult,Gracie Abrams,245.41786666666667,72,55,0.0,2022-10-09 02:34:48+00:00,2025-05-04 02:26:35+00:00,2023-04
p2,Jesus Christ 2005 God Bless America,The 1975,245.1462166666667,101,71,0.0,2022-10-30 00:35:18+00:00,2025-05-28 08:05:32+00:00,2022-12
p2,tolerate it,Taylor Swift,244.05968333333334,94,83,0.0,2022-04-01 10:22:17+00:00,2025-11-28 15:48:12+00:00,2023-03
p2,chemtrails,Lizzy McAlpine,243.97224999999997,103,82,0.0,2022-05-02 09:17:48+00:00,2025-12-19 14:35:09+00:00,2023-04
p2,Rockland,Gracie Abrams,243.34178333333332,85,73,0.0,2022-05-12 04:24:24+00:00,2025-12-19 11:53:23+00:00,2023-04
p2,A House In Nebraska,Ethel Cain,242.37198333333333,52,33,0.0,2024-07-30 00:42:40+00:00,2026-01-02 13:38:35+00:00,2024-08
p2,"I Knew It, I Know You",Gracie Abrams,239.2634,83,64,0.0,2024-07-01 02:07:12+00:00,2026-01-15 10:49:24+00:00,2024-09
p2,If I Believe You,The 1975,238.14315000000005,67,58,0.0,2022-12-22 08:17:54+00:00,2024-07-22 22:35:19+00:00,2023-03
p2,Prom,SZA,233.67753333333337,92,70,0.0,2024-10-08 06:11:23+00:00,2026-01-27 20:34:37+00:00,2024-11
p2,Don’t Smile,Sabrina Carpenter,231.3962,92,66,0.0,2024-08-22 23:34:25+00:00,2025-12-10 15:13:15+00:00,2024-09
p2,Snooze,SZA,230.07906666666668,89,73,0.0,2024-10-02 03:45:28+00:00,2026-02-02 19:44:44+00:00,2024-11
p2,Kyoto,Phoebe Bridgers,225.25105000000005,104,72,0.0,2022-03-16 21:15:40+00:00,2025-12-31 11:01:42+00:00,2022-04
p2,Savior Complex,Phoebe Bridgers,219.49964999999997,86,60,0.0,2022-03-26 04:36:02+00:00,2025-12-31 11:18:22+00:00,2022-04
