person_id,metric_name,metric_value_num,metric_value_text,metric_unit,metric_group,source_table,confidence_score
ama,total_minutes,189473.22641666667,"189,473",minutes,volume,elicitation_emotions.csv,1.0
ama,match_coverage_percent,54.65264129487824,54.7%,percent,volume,elicitation_emotions.csv,1.0
ama,peak_month_minutes,4100.94635,"4,101",minutes,volume,elicitation_periods.csv,1.0
ama,peak_month_share,0.0216439358085437,2.2%,percent,volume,derived,1.0
ama,peak_month,0.0,2017-11,month,period,elicitation_periods.csv,1.0
ama,dominant_daypart,0.4971141256098982,late night,daypart,period,derived,1.0
ama,exam_peak_share,1.0,100.0%,percent,period,elicitation_periods.csv,1.0
ama,dominant_emotion_raw,0.3213585978624603,share_sadness,label,emotion,elicitation_emotions.csv,0.5465264129487823
ama,dominant_emotion_display,0.3213585978624603,sadness,label,emotion,derived,0.5465264129487823
ama,top2_emotion_share,0.6195081001306633,62.0%,percent,emotion,derived,0.5465264129487823
ama,upbeat_share,0.4107129762949215,41.1%,percent,emotion,derived,0.5465264129487823
ama,heavy_share,0.4264671073819303,42.6%,percent,emotion,derived,0.5465264129487823
ama,anchor_song_name,0.0,Under The Milky Way,song,song,elicitation_songs.csv,1.0
ama,anchor_song_minutes,1475.0920166666665,1475,minutes,song,elicitation_songs.csv,1.0
ama,anchor_song_days,192.0,192,days,song,elicitation_songs.csv,1.0
ama,intentional_song_name,0.0,Brown Eyed Girl,song,song,derived,1.0
ama,intentionality_score,5.365976015021851,5.37,score,song,derived,1.0
ama,intentional_song_repeat_count,213.0,213,plays,song,elicitation_songs.csv,1.0
ama,intentional_song_playlist_share,0.0,0.0%,percent,song,elicitation_songs.csv,1.0
angie,total_minutes,152891.44605,"152,891",minutes,volume,elicitation_emotions.csv,1.0
angie,match_coverage_percent,10.779562902825983,10.8%,percent,volume,elicitation_emotions.csv,1.0
angie,peak_month_minutes,10215.754466666667,"10,216",minutes,volume,elicitation_periods.csv,1.0
angie,peak_month_share,0.06681704392622341,6.7%,percent,volume,derived,1.0
angie,peak_month,0.0,2021-10,month,period,elicitation_periods.csv,1.0
angie,dominant_daypart,0.3188514966410352,late night,daypart,period,derived,1.0
angie,exam_peak_share,1.0,100.0%,percent,period,elicitation_periods.csv,1.0
angie,dominant_emotion_raw,0.4583977245369832,share_happy,label,emotion,elicitation_emotions.csv,0.10779562902825983
angie,dominant_emotion_display,0.4583977245369832,uplift,label,emotion,derived,0.10779562902825983
angie,top2_emotion_share,0.7206217595774477,72.1%,percent,emotion,derived,0.10779562902825983
angie,upbeat_share,0.6690782463817266,66.9%,percent,emotion,derived,0.10779562902825983
angie,heavy_share,0.2952019089875306,29.5%,percent,emotion,derived,0.10779562902825983
angie,anchor_song_name,0.0,心情電梯 (Live in summer),song,song,elicitation_songs.csv,1.0
angie,anchor_song_minutes,852.8723333333332,853,minutes,song,elicitation_songs.csv,1.0
angie,anchor_song_days,45.0,45,days,song,elicitation_songs.csv,1.0
angie,intentional_song_name,0.0,懷疑愛,song,song,derived,1.0
angie,intentionality_score,5.552959584921617,5.55,score,song,derived,1.0
angie,intentional_song_repeat_count,257.0,257,plays,song,elicitation_songs.csv,1.0
angie,intentional_song_playlist_share,0.0,0.0%,percent,song,elicitation_songs.csv,1.0
ken,total_minutes,184.1194,184,minutes,volume,elicitation_emotions.csv,1.0
ken,match_coverage_percent,26.507726326865424,26.5%,percent,volume,elicitation_emotions.csv,1.0
ken,peak_month_minutes,108.61071666666668,109,minutes,volume,elicitation_periods.csv,1.0
ken,peak_month_share,0.589892844896663,59.0%,percent,volume,derived,1.0
ken,peak_month,0.0,2021-12,month,period,elicitation_periods.csv,1.0
ken,dominant_daypart,0.6,afternoon,daypart,period,derived,1.0
ken,exam_peak_share,1.0,100.0%,percent,period,elicitation_periods.csv,1.0
ken,dominant_emotion_raw,0.4954626356394314,share_happy,label,emotion,elicitation_emotions.csv,0.2650772632686542
ken,dominant_emotion_display,0.4954626356394314,uplift,label,emotion,derived,0.2650772632686542
ken,top2_emotion_share,0.9035334549944816,90.4%,percent,emotion,derived,0.2650772632686542
ken,upbeat_share,0.9035334549944816,90.4%,percent,emotion,derived,0.2650772632686542
ken,heavy_share,0.0964665450055184,9.6%,percent,emotion,derived,0.2650772632686542
ken,anchor_song_name,0.0,Stellar Stellar,song,song,elicitation_songs.csv,1.0
ken,anchor_song_minutes,12.388483333333332,12,minutes,song,elicitation_songs.csv,1.0
ken,anchor_song_days,2.0,2,days,song,elicitation_songs.csv,1.0
p1,total_minutes,5682.938016666667,"5,683",minutes,volume,elicitation_emotions.csv,1.0
p1,match_coverage_percent,63.98482333145044,64.0%,percent,volume,elicitation_emotions.csv,1.0
p1,peak_month_minutes,690.4529166666667,690,minutes,volume,elicitation_periods.csv,1.0
p1,peak_month_share,0.12149576761909724,12.1%,percent,volume,derived,1.0
p1,peak_month,0.0,2025-02,month,period,elicitation_periods.csv,1.0
p1,dominant_daypart,0.36558875197720075,morning,daypart,period,derived,1.0
p1,exam_peak_share,1.0,100.0%,percent,period,elicitation_periods.csv,1.0
p1,dominant_emotion_raw,0.2787452764965663,share_joy,label,emotion,elicitation_emotions.csv,0.6398482333145045
p1,dominant_emotion_display,0.2787452764965663,uplift,label,emotion,derived,0.6398482333145045
p1,top2_emotion_share,0.49509818285502327,49.5%,percent,emotion,derived,0.6398482333145045
p1,upbeat_share,0.3937448632237476,39.4%,percent,emotion,derived,0.6398482333145045
p1,heavy_share,0.4625847522676159,46.3%,percent,emotion,derived,0.6398482333145045
p1,anchor_song_name,0.0,Teardrop,song,song,elicitation_songs.csv,1.0
p1,anchor_song_minutes,468.73325,469,minutes,song,elicitation_songs.csv,1.0
p1,anchor_song_days,7.0,7,days,song,elicitation_songs.csv,1.0
p1,intentional_song_name,0.0,Teardrop,song,song,derived,1.0
p1,intentionality_score,4.51085950651685,4.51,score,song,derived,1.0
p1,intentional_song_repeat_count,90.0,90,plays,song,elicitation_songs.csv,1.0
p1,intentional_song_playlist_share,0.0,0.0%,percent,song,elicitation_songs.csv,1.0
p2,total_minutes,86502.84955,"86,503",minutes,volume,elicitation_emotions.csv,1.0
p2,match_coverage_percent,59.42544409509571,59.4%,percent,volume,elicitation_emotions.csv,1.0
p2,peak_month_minutes,3372.642666666666,"3,373",minutes,volume,elicitation_periods.csv,1.0
p2,peak_month_share,0.03898880423259613,3.9%,percent,volume,derived,1.0
p2,peak_month,0.0,2022-04,month,period,elicitation_periods.csv,1.0
p2,dominant_daypart,0.4441381210778624,late night,daypart,period,derived,1.0
p2,exam_peak_share,1.0,100.0%,percent,period,elicitation_periods.csv,1.0
p2,dominant_emotion_raw,0.2710995714189118,share_joy,label,emotion,elicitation_emotions.csv,0.5942544409509571
p2,dominant_emotion_display,0.2710995714189118,uplift,label,emotion,derived,0.5942544409509571
p2,top2_emotion_share,0.4892353784818291,48.9%,percent,emotion,derived,0.5942544409509571
p2,upbeat_share,0.4436609277137629,44.4%,percent,emotion,derived,0.5942544409509571
p2,heavy_share,0.4172496575905027,41.7%,percent,emotion,derived,0.5942544409509571
p2,anchor_song_name,0.0,Bags,song,song,elicitation_songs.csv,1.0
p2,anchor_song_minutes,1047.0730666666664,1047,minutes,song,elicitation_songs.csv,1.0
p2,anchor_song_days,86.0,86,days,song,elicitation_songs.csv,1.0
p2,intentional_song_name,0.0,Bags,song,song,derived,1.0
p2,intentionality_score,5.697093486505405,5.70,score,song,derived,1.0
p2,intentional_song_repeat_count,297.0,297,plays,song,elicitation_songs.csv,1.0
p2,intentional_song_playlist_share,0.0,0.0%,percent,song,elicitation_songs.csv,1.0
